ids,names,artists
30oTS7bm0aH3p7lqjEIu8q,Full Clip,Gang Starr
2g8HN35AnVGIk7B8yMucww,Big Poppa - 2005 Remaster,The Notorious B.I.G.
33ZXjLCpiINn8eQIDYEPTD,"Shook Ones, Pt. II",Mobb Deep
2qOm7ukLyHUXWyR4ZWLwxA,It Was A Good Day,Ice Cube
119c93MHjrDLJTApCVGpvx,C.R.E.A.M.,Wu-Tang Clan
7lQWRAjyhTpCWFC0jmclT4,Gangsta's Paradise,Coolio
7nYvUtkQMx1v80S2FH2s9J,Regulate,Warren G
5XhkV07Vou38wnrzwURUOC,Who Am I (What's My Name)?,Snoop Dogg
3ssX20QT5c3nA9wk78V1LQ,Ambitionz Az A Ridah,2Pac
0dtVSZDRv6PorrnX0cbFT7,Concrete Schoolyard,Jurassic 5
0IVAlb0cFCH1cQ974iR1TU,Ms. Fat Booty,Mos Def
5a4AQWs84xeEyYUd1iC2Pn,I Think They Like Me - Remix,Dem Franchize Boyz
0tLOX3QEuQJtz4FMLxHh10,Damn! - Club Mix,Youngbloodz
2T8hXV9LUZMDBKR5RALGEa,Splash Waterfalls,Ludacris
7d9I42jF759n5HuUeoulzR,Nann Nigga,Trick Daddy
6TQANhh0iV17xMeExcH6qj,They Know (Dey Know),Shawty Lo
6p8R2eD9v5PeoNqSLVD4JX,White Tee,Dem Franchize Boyz
1kEp3Po9RUPm11N5ITOUWx,Pop Bottles - Main,Birdman
2TosX3xYACy6rOe1HGC85K,Wipe Me Down (feat. Foxx),Boosie Badazz
6j2aNuhJJUnRj6UHcvn5PI,I'm a Thug,Trick Daddy
5UiNMzNNDiv2oZlAWVj9el,What You Want - Radio Edit,DMX
5RpSXFipAX2W6zo4HnHScn,Hey Papi - Album Version - Explicit,JAY Z
0uiMSv1iUmIELMFnTmyyKX,Always Strapped,Birdman
4w3ZDXkMmxH6myihUkoY65,My Hood,Jeezy
3XrvEifl0hIzgBGUa5jBLS,Grindin',Clipse
1qddfVuT54bgZqheC9I37j,Money in the Bank (feat. Young Buck),Lil Scrappy
5ASZFbCod633wLragmPYTj,Renegade,JAY Z
4HpCT9jeCzBfpCaF3aTVWX,Get Your Roll On,Big Tymers
1kgDlypHy9hCvCxeoCtd7X,"Can't Stop, Won't Stop",Young Gunz
20Sp7dNLM3NjIu3TInDqjq,What Happened To That Boy,Baby
0wCC06ziWEkYOif44iFggw,O Let's Do It (feat. Cap),Waka Flocka Flame
3vR6ivBSe0SWntHyEzh4X1,Head Bussa (feat. Lil Jon),Lil Scrappy
0UmIdWRGDL5gkXnqG9ZozM,Bonnie & Shyne (feat. Barrington Levy),Shyne
5pkODNs3tEe8DMqjorjR8c,Special Delivery,G. Dep
1ynZEpoQPz0ylGFCUx7l9u,Trap Star,Jeezy
5kDkWHFx0AEvJ1Pfm2i0ac,What We Do,Freeway
0DW5anNzTO7h0OlKqFsVQ6,Like A Pimp,David Banner
0KAGYcaO4BsbRMPMdeUDCS,Round Here,Memphis Bleek
5fst2COuMGJQ7PzSRYGVj5,Make tha Trap Say Aye (feat. Gucci Mane),OJ Da Juiceman
281kNQmgirthnKNA5LHQSs,Presidential,Youngbloodz
7rzbAd8dsYRt2fPcxhPf92,Shyne,Shyne
52gqeRlrBE7hqMlRxEsi6y,Livin' It Up,Ja Rule
7dIxSCWRKv3FXM04FD5ELw,Oh Yeah!,Big Tymers
2R4KCSHfWuYiCMSu9f0nuc,Conceited (There's Something About Remy),Remy Ma
7dltD9eEX7X1zk8JJ9BS0e,Superstar (feat. Matthew Santos),Lupe Fiasco
2SuMoyOaAVBg5AzfKyZaKV,U Don't Know Me,T.I.
4cNhx6OO1XpvwT6xZnb83B,Southern Hospitality (Featuring Pharrell),Ludacris
3z6WOgxwEcfF9mn4crIQaK,This Is How We Do,Big Tymers
79F94Qh0YxlCsQx7mBITxf,I Luv It,Jeezy
1IQPLs3r6lt4iNrQzAhnWs,I Really Mean It,The Diplomats
6M33HiUHLC3R3gfXYNGMAy,Pull Over,Trina
4SyadrABZJIjeND1HPJS31,Rollout (My Business),Ludacris
4aWxp4mBOnWIUDlXb4ngaV,Is That Your Chick (The Lost Verses),Memphis Bleek
06UPCXzhIsXnceSXmKLMEY,Ether,Nas
05iPQqLo3ZCfmQZ1pLmhdj,"Dunn, Dunn",Shawty Lo
0jdkdbnRwNVHJQ6zL84pQs,Young'n,Fabolous
3lcC9CnN7Rpo1ugATzmYjY,Area Codes,Ludacris
21GXHQ6E8JJLj9AhD7ByWX,Roc The Mic,Beanie Sigel
2VqjCBJ4AxpDTrNRKhL0Pw,You Owe Me (feat. Ginuwine),Nas
3y5pef5Z472KoYxaSdig9I,Baby Don't Cry (Keep Ya Head Up II),2Pac
71u5SjnkSQgzIt1UzHchbi,Whoa!,Black Rob
3jagJCUbdqhDSPuxP8cAqF,Work It,Missy Elliott
6QwwsJC57SitPcWuyEpuwd,Neva Eva (feat. Lil Scrappy & Lil Jon),Trillville
2elA6JLRaQ6iB7hxiuTKN4,I Tried,Bone Thugs-N-Harmony
2rQDtzREtofoyhDNYk95jf,They Want EFX,Das EFX
3829CDK1kzOgjRU3nNXqFQ,Diddy (feat. The Neptunes),Diddy
58LflM1owDAzQkYIL7ayCX,Why,Jadakiss
4uNisev7PGUAixBOagpgyY,Gettin' Some,Shawnna
67t2pIIrrdBWFr0u8y4L1b,Beanie (Mack B****),Beanie Sigel
0EXm0iaB0CzqtsB3VaupXj,When the Last Time,Clipse
5qqBsCBwzv0g0xb1kB1TGJ,Off the Books (feat. Big Pun & Cuban Linx),The Beatnuts
6QdVBqkKNUqCqercvUHMkP,Stunt 101,G-Unit
6YYd5MLpu45J0uLrMdivF7,Got Your Money (feat. Kelis),Ol' Dirty Bastard
36gOOIQaBwXZVKL5z2vC3Z,"Lights, Camera, Action!",Mr. Cheeks
7BKi4ZcyMBXeAvJ1OPxhdV,Outta Control - Remix,50 Cent
2NBQmPrOEEjA8VbeWOQGxO,Drop It Like It's Hot,Snoop Dogg
04KTF78FFg8sOHC1BADqbY,Hot In Herre,Nelly
03b1NUHnoavfpLLKcEMfIb,Go Getta,Jeezy
2Ozc0me9PV5vlt8cokwdvI,Lean Back,Terror Squad
0AA6zq5ArZ1sSH7VIMi4NK,This Is Why I'm Hot,MiMS
1FKFCvi0i46qEJLZSEBH8p,I Get Money,50 Cent
4rICUbwZZuqUOcgQgtux2k,Feel It In The Air,Beanie Sigel
3MbBa8FMMgp9D39s7Cozl9,"Money, Power & Respect (feat. DMX & Lil' Kim)",The Lox
5EoobjvWYSRwoPnhRojf5c,And Then What,Jeezy
0YImOCkIJ2PWhCXaURCZnY,I Know What You Want (feat. Flipmode Squad),Busta Rhymes
4QKdiLnJ2fnvfLPUldoryF,Saturday (Oooh! Ooooh!),Ludacris
2kNtAwWATYkqV3CdT20RV0,Swagga Like Us (feat. Kanye West & Lil' Wayne),T.I.
5lrOsw7J8R7shum7A4j36t,Pop Champagne - Explicit Album Version,Jim Jones
3frQJotNjIFiYRpvqCuxAB,Bottom Of The Map,Jeezy
58jV4YBV2WpCb00gJfht9a,Down Bottom,Ruff Ryders
2cuVgSUgnRcgXNx909F3TV,Wobble Wobble,504 Boyz
0e7S689mFbBnIWTWtjc4b4,Put You On The Game,The Game
0GQDj6CEJRIKp3E1ClSB6k,Set It Off,Young Gunz
1MYlx4dBtiyjn7K8YSyfzT,The Real Slim Shady,Eminem
28TaYSTqNY96c2oyUyAwwg,"Ryde Or Die, B****",The Lox
5ZKVNTG7yu7gbX4vryqS2X,Nothin',N.O.R.E.
0svl7cK07gK1ia5ainczU5,Break Ya Neck,Busta Rhymes
4psCG36I4hy1h3qgG6o03m,React (feat. Redman),Erick Sermon
0YHI5hydPPth6J5UOzdLDX,Lay Low,Snoop Dogg
7lVNTXkI3cHFvcXiI8damb,I Need a Girl (Pt. One) (feat. Usher & Loon),Diddy
62wtttQzoIA9HnNmGVd9Yq,Two Words,Kanye West
6rpNe6gSkmiYW6BfSFATi5,"Wanksta - From ""8 Mile"" Soundtrack",50 Cent
4anqYZt4APNlFwQixpbdZR,Da Rockwilder,Method Man
3qRPc4QpHGNwKFAzCdqwxA,Made You Look,Nas
2UuYX9gpimgG9woC5cnfV9,Do That... - Main,Baby
30KGtFjHhlT3JMX5s4IklU,Get No Better (feat. Mashonda),Cassidy
3YrVdQ19x8VDexsX7ytwJ2,Umma Do Me,Rocko
75IN3CtuZwTHTnZvYM4qnJ,My Name Is,Eminem
4mzQu9J4d90nyoBBfgniaK,So Much More,Fat Joe
7fuoqve1SOEBmhc2PoQTF0,Breathe,Fabolous
41D6aNNTmUUd7fWlVNWMN8,I'm A Hustla - Street Mix/ Dirty Version,Cassidy
0AUurCHJ6A8Ua4yXyKXNuM,Jet Lag,A$AP Ferg
4SDgTLDYrJ2UrHbkRkg7MD,Panini - DaBaby Remix,Lil Nas X
5r7WvQtyPfy1xch5zMgGRp,Behind Barz - Bonus,Drake
5Z8HZM6iQMhhqyPcCGY5g9,Hot (feat. Gunna),Young Thug
2nKYHpmwjLaEOXS3o7QMiz,Baby,Quality Control
4sjiIpEv617LDXaidKioOI,223's (feat. 9lokknine),YNW Melly
6UFEJuDXQMWhL5UH5f9fUR,Enemies (feat. DaBaby),Post Malone
1xbtojAZsQjOgiGdGX6ChU,Ransom,Lil Tecca
2zjGJ0dChMR0KxBZS15aqo,"Baguettes in the Face (feat. NAV, Playboi Carti & A Boogie Wit da Hoodie)",Mustard
5ry2OE6R2zPQFDO85XkgRb,Money In The Grave (Drake ft. Rick Ross),Drake
1GeNui6m825V8jP4uKiIaH,Bad Bad Bad (feat. Lil Baby),Young Thug
4sWuPniHClkInYAnzXAYUF,Camelot,NLE Choppa
01Qb6dN5suQNu87VJ1mIpf,Did It Again,Lil Tecca
0UPBidRYcgJ2mjZlk08V8x,F.N,Lil Tjay
5WnfnSpuNEGXyEt78PBA6d,"Costa Rica (with Bas & JID feat. Guapdad 4000, Reese LAFLARE, Jace, Mez, Smokepurpp, Buddy & Ski Mask The Slump God)",Dreamville
7DcvwMAiqKJQD1rrdfxSDx,The London (feat. J. Cole & Travis Scott),Young Thug
0hGH0S74Eoyv6mXZcOKtdQ,On The Road (feat. Meek Mill & Lil Baby),Post Malone
2JdIqJBbIiwEah4ejqIWGj,Big Rocks (Offset feat. Young Thug),Quality Control
67XyC1GdSkKb9sbRRkUDXS,Shotta Flow (Feat. Blueface) [Remix],NLE Choppa
5xjei7JnROsAzLY2a7RdZU,Shots,Lil Tecca
2xE16muNCmhZwSOv3i1d1H,Mood Swings,A Boogie Wit da Hoodie
643PW82aBMUa1FiWi5VQY7,Babushka Boi,A$AP Rocky
6XHVuErjQ4XNm6nDPVCxVX,No Guidance (feat. Drake),Chris Brown
0BOmhToQ03yOdpzYKMEnAg,Baby Birkin,Gunna
00ko9WaS4jOX1kEk3gvHjf,Hot Shower,Chance the Rapper
7f1zjZG77S891Uv4O68yfk,Baby Sitter (feat. Offset),DaBaby
2rMAtCaTj16NptyVfEIeAC,Cash Shit (feat. DaBaby),Megan Thee Stallion
3QzAOrNlsabgbMwlZt7TAY,Ballin' (feat. Roddy Ricch),Mustard
7gYE3GWQN3Jf6z9J8EEbdy,No Cap (feat. Rich The Kid),83 Babies
6kyT7ubem08Egg9a8f77OL,Self Control,YoungBoy Never Broke Again
7C39RtGhnEw7cyf0Pyw7PV,Saint-Tropez,Post Malone
4e34Qq2lkp92egwgjacVcT,Mac 10,Trippie Redd
2B9wgj9XzbJZLty03PRbVo,Bezerk (feat. A$AP Ferg & Hit-Boy),Big Sean
5N1o6d8zGcSZSeMFkOUQOk,Hot Girl Summer (feat. Nicki Minaj & Ty Dolla $ign),Megan Thee Stallion
2wZjsbwmWfNVslgV5afl1L,Out The Mud,Lil Baby
5KBARWIxeMGkvUax9VtVC9,My Type,Saweetie
1xsP6AITcWNigBYBYVnVZw,Handsome,Chance the Rapper
3NqCEpT8xsHdzpiRlM1kpS,Through Da Storm,Polo G
5YSfZJE0EYrGVsWeYqv9xo,Double Trouble (Quavo feat. Meek Mill),Quality Control
2j7mcsEz4n5XxMMqqjjB6p,100 Shooters (feat. Meek Mill),Future
2qSpOQdHmHpOcVXzV9WU5w,BIG,Young M.A
6XkLPzkKzPhpr3hrvl1TUq,Daddy (feat. Rich The Kid),Blueface
1faIb3PPSzEifCHUOJ691R,Broke As Fuck,YBN Cordae
4eZKAB9uNMIG0yNri34PBp,Bussin (feat. Lil Pump),Blueface
3AEgic4yp82NxMWUjHtxnO,Uno,Ambjaay
6e9biVAugkOfydEN8OiJpi,Pose (feat. Lil Uzi Vert),Yo Gotti
1Yu378yDTmy6EIDYNIEALh,Richer Than Errybody (feat. YoungBoy Never Broke Again & DaBaby),Gucci Mane
1rmpmDrnCR7fFZSmghtXmY,Suicide Doors (feat. Gunna),French Montana
7BpRvsDdzfsma8382uO55A,"Thot Box (feat. Meek Mill, 2 Chainz, YBN Nahmir, A Boogie Wit da Hoodie & Tyga)",Hitmaka
2sqsNXfN0HtgDEgaHXiUTa,Won't Be Late (feat. Drake),Swae Lee
3h6mYkJFzfhioau4R8ogDG,Chicago,Cookin Soul
69lz9uKxidXD8RfSu9YQfL,Closing My Eyes,Alrahim Wright III
3Wb82PC0bODgzwqdyD4sLv,Smokeloud,Millennium Jazz Music
3wJTCCMHtuOdDg4fJzkd0i,Vent,o k h o
06JpeGcBWieHXxewu6pTwr,Aisle Thots,Skipp Whitman
5fxDE80ZPA32JXjZN87pQJ,Mental Fallout,Jorge Milliano
2q7kLQFjeVWs6iIW3zwiTd,92 Baby,W3alth
3hW39WV7Wwd3WkUwZai3FU,All In My Feelings,OYABUN
2ioSQQmaMXZmbmOKdr7NOA,Ueno,Nathan Kawanishi
6QOVWoZUD3IEszbfO46mYW,I Don't Love You Anymore,Sarcastic Sounds
48w0fBneyl1eF46Sslx3RO,"impossible weight (feat. yoh, rou and jessie shire)",four ● lore
19NbbdUbZjdbK3QJKd82Jc,Hard Times,Young L3x
4LsPasR5fbJBWWlDmKXaHv,One More Hit,Weedthief
2L3Is8ZtUJ48PIUJVO7Gvv,Money on Your Mind,Lucian
6HV0Ae4Try72jXLWs7yMty,Meditation,Beat Dealer
4ouacm3s2lAAMtyNKM2spS,Loungin' II,Epifania
6Y9JFYyGCcD34RJ7gTMcQM,NIGHT OWL,Psymun
1HiRLOnSWKOjgTr79oxHjv,There It Is,Ol' Burger Beats
5YNzJfDXOHXoVIXd0PBku9,Childish Dreams,Misc.Inc
2G0qRdTqqYQYgL01MZj6ck,The Real Deal,Hydrogenii
5knGjzsCFJVQBrsCBa4ref,Caffeine,Epifania
0rrMM8qhRNXm1fg3bMaNwm,MIND,Dibyo
2F3jl04D71yfDIGYwseKAs,nights,damaa.beats
60KcpkEA2ChiYtHNLtOb1b,Japan Stuff,Beaumont
5Jimku0EJ6jd82efxMKfWn,Doin' It,Deauxnuts
5X1x7olCET1Kix9YjOMTkN,Wherewithal,Bokki
4KwdTyM84QdRDJMhHmogcW,Solo for so Long,It's Philip Marlon
6KEOX0H9NMSK7qLH7a64Nc,MidStation,the.lazyb
6Q3OlXKHhzkcWPbf3qGgQn,Echo Park,Dontcry
7rLueW1eSGQhAf9MruvO3d,That's Just Me,Ameba
5qL0q7I7Cx4PmzjsErLTT2,Temple,SwuM
1ayTeAKIDQ9ujBuD7bQkul,Deep Sleep,DLJ
3c8xULQwLwLKMEAp9T8l2o,.suede,junyii.
6vtO73QIQgGMoAuvMY50u6,Infrarot,Phil Dee
7fZMNGT0myegS7qaekSTh4,leaf,illiterate
0ZAsC6ftHsSEUQoNbjyATV,Bummer,[ocean jams]
4zDX1RgD8QD4xiAQqIfdew,Koenji,Huey Daze
5JuVNeCjIl3DJbnVf1oeGo,Sneakers,Monma
2uvypKIiMaRzH9NhWXMBSH,cold nights,itssvd
6KykddnA5NxNkaip0LEpgG,Sandalwood,J. Roosevelt
6NkGl2nBsVpQcxvXKg5dvq,Pixelated Memories,Pandrezz
7M8TasYtN8n4q1rQLLZkZV,Burberry,Minthaze
3YwmxsHVIYWfNcaM8RWfGm,Saké,Chalky
2IyZHf11b0mmL3K3jYyqMM,Wonders of the Unknown,Behind Clouds
6SZPAffx8bjZw8klFDnhnk,No Lies,Psalm Trees
76bqpXdcQBtnQw6ByKQjvO,Withu,Blvk
6PqQ8woEtNNvlUnHGtPgHX,A Trip to Tokyo,Linearwave
2CSKDYplT7Jjdu0NGiX2ib,What a Day,Goldenninjah
3IgTG5T8Mv0a7wBvbc0iNv,Promises,evän
3oQ8b6m5S531gvqZV9wEOY,The Ceremony,Bertholet
08Ovag8PDrT7VC2ZkZLYmz,al pasito/timeless,n o r m a l
2zdlHufpRwuVnyTTolms55,Sunday Afternoon,Oatmello
3ZcKtiMpMEPxviOZF2siZI,Hard'em,the.lazyb
0zaxkDILjyVecyd3Oz7cU7,Peace and Quiet,Laffey
6suR5CukTxeaNORNX4aw03,what you doin',Masked Man
7EufLb0I5xdMra7nwdz4ZF,Loungin',Epifania
565G5uNsmYHxSBmN0mAJy2,Very,Bertholet
7C3vTLxWEYBSDFsN6HHPth,Marvy,Nokiaa
2XXvYN4zZdinxJMizuwKPB,Let Me Luv U,TiMT
4dMkNnFOOMcdChtooPTvwt,In the Rain,Huez
1sEP52YF4wX2tgnSZ71yp8,Dreams,Bluedoom
7EExHTWWXsZxhugGaGGh1O,Fondue,Dweeb
541HbfRw0PToKoEjdseZeD,Delight,Dontcry
2cMXvhXlXMHpQLW7UTTWUp,as time goes by,Kuranes
5Lbb9qXQlYwsEDy9LBK7k0,Window Seat,Chris Anderson
55geWzr1b7v4xd8Gw6RCTo,Opiat,IOM
5199wPUOgLF1guJAh1uyZ2,sanya,luvwn
5yVj39dpZ4jThGXf2mEhYI,fortune cookie,B0nds
3NoA0UbucoXgIdD0ZnTgw0,Ladybug,Slumberville
5xWlUFdwEAOXnepPSutrPV,Dusty Snare,damaa.beats
3icBDBRl7DcA5ZjMkN5O0G,ocean.dance.,Fushou.
3BuzwsAvyvQ16ppMnOqwCE,Is This It?,Red the Chef
0lTckeFgXaqfQRuQlRyNNP,Longing,Axian
5yWzJwzvU2wYds2v9AgSWS,rains,sagun
6iAv8cEBI5oXQikO2UgyHA,Arrivals,Moo Latte
6PmRRnk4fxt5KqfqNkPear,no heart,Sleepy Bear
5QUpIPfsfssgGBMP14dtzh,Long Ago,Wun Two
24U70C7AiAotiKdWAMv6TK,Days.,Green Assassin Dollar
5JtqUa5cmxmqKL5Ua1vCOY,Vibes & Sh*t,Waahiid
4F404JhcrIdDzcEcoLDVE1,Spare Me,Es-K
3ZNHZBTpTCN8TFBtHIN7CJ,Nobody's Heart,Sergeant Jay
6wkllclp0jRam4sJnChjkD,Fujiyama Lights,Mujo
6j7fobMzagIA3dIr8bzY0J,Echoes,Dontcry
1pV6saCGZ0KoYCYGiOdX3q,Have You Met James?,Casiio
4CduCTp03yeKuNibmxhobL,Nobody.knows,Brenky
3im1Tx6McYkUQgqr2HkXc7,Nebula,Soundspretty
2QiTjFOgh3dtfQR2YoSoVv,solace,Xfruge
041OV5jS4mA4G7K6EldfzX,Whiskey,VIK
7D8pYXto5NeIm9Ti9ZiXs1,Arms Of Mine,CPRCRN
0BjvqQdUUB2WzUncxxvIRh,entheogen,Nohidea
7dRYY8TZc1fu90dzkdgc1I,Stay Late,the.lazyb
1khvYlmSC5hhMCLlIsClBl,All Souled Out,MFakka
5szPcyUvZ5B2P4LnzFz2Au,Dutches,Clap Cotton
305KjFU7yt6lpANEPvwSt9,Moonsign,Lungfulls
7jAIpmgRUifDoOHDdBn3bB,santorini,David Chief
1Vru63B7jO19kZ3hakNtsO,Sands,goosetaf
5ByAIlEEnxYdvpnezg7HTX,Juicy - 2005 Remaster,The Notorious B.I.G.
5VkuqayHiiU5ZHyYEH4Oeb,Dear Summer,Memphis Bleek
0dNiLb9FEHrRK7VFDJctiR,Ain't No Half-Steppin',Big Daddy Kane
6Xio661Y2iL7SDKFFOG9cv,Who Got Da Props,Black Moon
2LP2uDQQ7eLMcUVE4aOpAV,Crush on You (feat. Lil' Cease) - Remix,Lil' Kim
6Ag4SYLUGFdnJrCwUIb4mT,I'll Be,Foxy Brown
1NHwvBmrUje4L1dxfWnXCH,Put Your Hands Where My Eyes Could See,Busta Rhymes
2FWmKZ3kNbVsKGhuNHsltW,Brooklyn Zoo,Ol' Dirty Bastard
3gKwVWwKmeuFtPubICbOGc,Paul Revere,Beastie Boys
59vYYvb9JS5IQAp8xpf0CY,Top Billin - Acapella,Audio Two
2KFg8kjYy0rYjWsXGhEQHN,Who Shot Ya? - 2005 Remaster,The Notorious B.I.G.
3RvFnZZz1x00l8FIHE5wxx,Leflaur Leflah Eshkoshka,Heltah Skeltah
6wbBrsE2H2pupmnfoVSY6w,Come Clean - E New Y Radio,Jeru The Damaja
2MNQMtZbOb7rBWli3TSok0,Bad Boyz (feat. Barrington Levy),Shyne
550JPXXPgjr1xqxtKIaX6b,Ante Up (Robbin Hoodz Theory),M.O.P.
4C7Ss9bTPOWJMh3rarF1mN,Definition,Black Star
0v0sQRnEJNvDZHry2hBFbW,"It's Alright - From ""Streets Is Watching"" Soundtrack",Memphis Bleek
4heC6SnTBxTZZDef4AIBOk,Unbelievable - 2005 Remaster,The Notorious B.I.G.
56whVbEPZ2bRA5VboQPned,Livin' Proof,Group Home
0ts18XkCju1tJsc1rLRNvl,Broken Language,Smoothe Da Hustler
09WxJCWFMWAxTHBLLelpDS,Woo Hah!! Got You All in Check,Busta Rhymes
3RxF3Mz5wprRMopI8fp9uF,Crooklyn - Crooklyn/Soundtrack Version,Crooklyn Dodgers
26q6YTrXt9l8qshIveiTX9,Rebirth Of Slick (Cool Like Dat),Digable Planets
07fOfgvqHTXEFXIMlmIlYr,Time's Up,O.C.
68DGiGtJrVcGBeOf5UNpVz,I Got It Made,Special Ed
2QHmGfplU3ypWOGgJM46in,Treat 'Em Right,Chubb Rock
5BC50dLe7dZKVc3gPvJRx9,Ruffneck,MC Lyte
4dmh3OPtAhbEybhGoOG9TE,Liquid Swords,GZA
1LM6EReMkAxuDXDF26ekl2,Get By,Talib Kweli
5vxII6AxXbPsAJE5dAdBo9,Rather Unique,AZ
1Z4mVNtYGnpjHUoZVo3IMU,Smooth Operator,Big Daddy Kane
5fyRqeycMofUoGmDis5Gu6,Bucktown,Smif-N-Wessun
23RJg00mFONjIqYML6mtsE,Acknowledge,Masta Ace
28sxUGqZmZyT9AO6lDE9Yl,Onion Head,Sean Price
0YJQjkm6Xg5HPyas4LAIlL,Pre-Game,Sauce Money
3ABG1UQTk0eLYUAeWkmfMi,Shimmy Shimmy Ya,Ol' Dirty Bastard
3plNsz0KQaJjtW75gYTMEn,Party Ain't A Party,Queen Pen
77bTQGPyEl2yj2bFcDOmWE,Hi Hater,Maino
0JRB0l3igltUQX1OmKyORy,Big Momma Thang,Lil' Kim
6Xo9osN1HErsEJoqwj4eDg,Get Me Home,Foxy Brown
6lrRIfQDcikJ5y5DtyZPuJ,Can't Let You Go (feat. Mike Shorey & Lil' Mo),Fabolous
6VCnVPNsNQazuSURA10BF6,Player's Anthem,Lil' Kim
0lZWjBImx6kNe3WtOA09Xu,Sugar Hill,AZ
2ce2ift9TQGKmqB20F6od2,Paper Thin,MC Lyte
6NyHiQGf7zz9nJWewU05zk,Get It Together - Remastered 2009,Beastie Boys
3e8KC0EoBmKGuD5LwBvj4U,Friends,Whodini
0dyNjjb5cFcW44LhhlZgJf,Talkin' All That Jazz,Stetsasonic
5YGhm6pI5s0uxJ2DwrDYqO,Water on Water on Water,Young Dolph
4aPB8rSxGFISs0o6V2LrTy,Gold Roses (feat. Drake),Rick Ross
0zNHMc1cGKe4MO5rtGtKRh,Sup Mate (feat. Future),Young Thug
2pyemofcQsYJQCwNYITcZw,Poor or Rich,Doe Boy
0OsYwz3SCLD98IvWfdLeRQ,Shotta Flow 3,NLE Choppa
0W1ZfgXpC23RYQPDq7RM5I,"Pink Toes (Offset, DaBaby feat. Gunna)",Quality Control
570fgRkd58jDYC4uYAg74V,Stop Calling (feat. Key Glock & Tay Money),MadeinTYO
0uqJQ1k1N63nl4tAYW8t2A,Bank,EARTHGANG
7atIOHQWNZtVerj17DjwL9,Action (feat. Lil Gotit),Yung Mal
0uYMerBHiIHrCv9FHfzUMe,HBS,Lil Keed
2NpOMyRkB72q40ZQmUnsjc,HOT HAM (feat. LIL YACHTY and CHIEF KEEF),K$upreme
0LgcWp72kH7bkfC9EBjM05,A.G.F.,Cuban Doll
683tYxiTlWzupDpaZ2mCv4,Dior (feat. Gunna),Moneybagg Yo
5PuRm1FlJEIBQDopNZvvl6,Facts,Kevin Gates
0DvNd934ToR8kmGhWwyaW1,Bad Ass Jit,Dee Watkins
3pZO6GoVPeSYDxxsH6vCdj,Sunset (with J. Cole feat. Young Nudy),Dreamville
0XWfs97wqncRv28sfS0aUW,Hit,Kenny Mason
7tbyiwnLhtKYXNMjCZ60BT,Intro,Quality Control
4T2dHb8XBYHlVj7Dyo1cW9,100 Racks (Offset feat. Playboi Carti),Quality Control
6OaGsZBBs3blLmRXSS1kRs,'06 (feat. Rick Ross),Jeezy
7JlDG2qJA5o4jW6x08PGJD,Pop My Shit,Lil Gotit
1tPvXyWwJUM9G903sjxNYa,Ride Dat,Birdman
4m7pR7xQSMJoqFbfmAV0dM,War (feat. Gunna),Yung Mal
5kGFBGelA8yjKJNqs4Zc0i,By Your Side,Erick Lottary
2If6xvVLttwh8HsYM24jE4,Shine,Childish Major
3debvatn8F7zbMUmqxadSL,Freestyle,Yungeen Ace
2aj4lHvYhpEPG8ruHXvkjz,Frosted Flakes,Quality Control
3mXyeoYgJSjQrRhD9BQrfj,MLK BLVD (feat. Meek Mill),Jeezy
1vijIvNs1gs19xwZ9FLCds,Watch Out,Blaatina
3IHwH8tPmchRYNCOMYvPOl,Oprah,Rapsody
2jW5thGMANtbhZyyeL7Vxf,Bounce Back,Renni Rucci
0eiQwo0r6eUbTLPa31IXBO,Shut Up And Listen (feat. Lil Duke),Karlae
25ceDA7wDxIo60C1FuPiKJ,Feel So Good,Jozzy
0RKOQKuzVVWhiwzsCIo16f,Handful,Father
7Eha3JBkA7xsMUEXng7lUP,We Gon Make It (feat. Meek Mill),YBN Cordae
5ZnMTmxjRCQKRgSiV9Y26g,Old Streets,2kbabysage
2tN0dnN3wdgyIYvHbSGHiw,Babouche (feat. GoldLink),Jidenna
4gH4e5ENzVDg4N8fOp2vDP,Ashley (feat. DaBaby),Stunna 4 Vegas
7udywyTk4bY1ObwULGGwaP,Slidin,Trae Tha Truth
0jKZMCnp0JerrvhWKX37GJ,Spazzing Out,Key Glock
0cMPXkjXXkMqokO9LIFPFn,Go Up (feat. Roddy Ricch),Rich The Kid
0e5nUKhmlZD108YCEuPsem,Move (feat. Young Thug),Skippa Da Flippa
3ZZkSBbBOXi1NFzPbY7Lxb,Nobody's Favorite (feat. Gunplay),Rick Ross
2m9utjTnSsZ4xJmWqJJL8m,All Night (feat. Gunna),Jeezy
5hMoQ4CXKaqIT8oyeC0QDx,Choppas on Choppas (feat. NLE Choppa),Action Pack
3XuoyFromotNqDFl6vzwC6,Good Morning,Mak Sauce
6uiAla8ZFeGoauhDotBXhg,Ape Mode (feat. T.I.),Da Great Ape
0XubYC5LBjtW9DsgCmWGZy,Eyes Closed,Curren$y
7lPIAA2vyvBpbt5QMDb8dp,Keep it 100,Young Nudy
6FZjiSBSQoj1geAgXjvqez,Undefeated (feat. Lil Keed),Future
4zPX16aIyIuWaruyAi9082,Court Tomorrow,Blac Youngsta
3tA12hlBltPtw6ArshsopB,The Relays (feat. Travis Scott),Maxo Kream
3LJ9K5bM51xsHCfZMA8ybQ,Oh Ok,Lil Gotit
4eqrNsKy9Mvg1fvfsTVIAE,"Down Bad (feat. JID, Bas, J. Cole, EARTHGANG & Young Nudy)",Dreamville
2uciZ2NdzhGA0uo4h1cmc8,Grab A… (Duke Deuce feat. Tay Keith),Quality Control
4vRa2VvGJ9AWhsNYnzEXlT,Hold Up (feat. Takeoff),Ugly God
0cSiOUEG3hl59NDMAIBC6K,Serena,Rapsody
0uyY5wnNq8hacCleLPNlu6,Push It,Kevin Gates
67cpn8ZBO7QU67jky8Fh47,"How You Feel? (Freestyle) (feat. Lil Yachty, Danny Towers & Ski Mask The Slump God)",DJ Scheme
4ANFPo7dzs2DdPuONXC9bp,Please Tell Me,Future
36Xj8yamczFFMau3t1pHWa,No LOL'z,LPB Poody
3OEmAn79IyBRu5jJSFibtC,Back to Back,Young Dolph
7BpxBMNYNYguGWZZk2zOKe,Mister (feat. 21 Savage),Young Nudy
5eWYhusHCbD6GQS9Ctac6I,Gang,YNW Melly
4bP4EAFDvccGeRTCqv4iNo,Tattoo (feat. Too $hort),Yella Beezy
6bv4WvcUsV2gZXl54d3yst,It's Up Freestyle,Lil Keed
30CQrrbdJqFwIeMDhXSqgJ,I'm Gone (feat. Young Dolph),YFN Lucci
1UZpkdsDWo02NAjAcDR38A,Fresh,Yung Mal
7HrZatsB5wAkWEBwagNUhN,Cash App (feat. Key Glock),Doe Boy
3KIMdTgROcteSwwKwoK3Bs,Act a Fool,Rick Ross
0PG1SS6oXYSigmlrozEIlf,Hotboy,SKYXXX
3gOr0bnATDn8pFoJ4HmyEm,I Made (feat. Yella Beezy),Big K.R.I.T.
2v9LBYJDg1N7YXhcEkXBLY,Soakin Wet,Marlo
42G63z1wBjgscjK3Why7u5,Wet Like A Boat (feat. Lil Keed & Lil Yachty),Lil Duke
4y6DOqPrT52Usm5Ls53ZIw,CheezNDope (feat. Young Dolph & Key Glock),Project Pat
5QveVkVEXKD9KGGYsCXtiw,Answers,Cedar
4j13h3sia1FhQG18bjSXEC,Interstate 10 (feat. Future),Mustard
7DOJelSvOL3A3sByy4FtpO,Freaky Dancer (feat. DaBaby),YK Osiris
3H8jfBh9WepwQgEsudEjV3,Backend (feat. Trouble),YFN Lucci
760BpRuGPBEQrEjvCJq3F8,Slow Down (feat. Young Dolph),K CAMP
4IAZ2Y6CzvgW1zsT9lmPAv,Hooray,BlocBoy JB
6spzNS1pF4rrq0JoVMC7ox,No Patience (feat. Polo G & NoCap),CashMoneyAp
5TLRYOye5HnMho3zuPWKWw,Bandz,Skippa Da Flippa
0T6DHuLI3NANOAFPgE8AXR,Ghetto Angels,NoCap
7nGJygXx3D1lsSt8aAxRcQ,Pull Up (feat. Lil Uzi Vert & YNW Melly),Lil Keed
0MdSezTbC54SIPQkXrvHrp,Wings,Shoreline Mafia
59rCaADE9SJXOuoFkB1AdD,Sensei,SOB X RBE
7GcbUQUvw2TIfmDfya8Jgv,Digital,IDK
1GFFsDEGj8CpxSVe1bBgp1,Slime Mentality,YoungBoy Never Broke Again
5DSfqrLkUHLZ9bW0SS3rVy,Ransom (with Juice WRLD) - Remix,Lil Tecca
1whwcizOjzpi5xK4FlWQF8,Fell In Love,Shoreline Mafia
72WzsgGndv0deRudSD2ycw,When I Get It (feat. Young Thug),O.T. Genasis
6qWSHYcZEvE0MIcH2WmB23,Amigo,Lil Tecca
1etx8QTpxvN422yxtkwhmq,Ran Outta Time,Lil West
3xzwdd19Fk73FPzjNtS2yR,Start It Up,Hit-Boy
5inG0OBqOYis5VTyCz1l5p,Stay Down,Quin Nfn
192boLjFXYWZ0ADjtvhaJT,Porno,IDK
4ou9jnTXcFgVjhW6f2qHPz,Geeked Up,YSN Flow
79s5XnCN4TJKTVMSmOx8Ep,Dior,Pop Smoke
0fB2bhPipFZNJP9Ft0DXSk,Get the Strap (feat. Shoreline Mafia),Rucci
0c7K73roy6RW4ebDkf4yGh,Valentino,24kGoldn
5L0X8T8HNaUAIYw1oofg1M,ADHD,Joyner Lucas
6b5fPdo7XNZrwcTASG1hK7,ORANGE SODA,Baby Keem
4dHLTRnNrrs3pDXeQxj1g5,No Hard Feelings,Melii
1YTkVMFRNzKojhcPq31Jfs,Games On Your Phone,24kGoldn
3Cpfl1E3AePaUcdJvXLIev,Pull Up Game Crazy,Childish Major
6o2YQhGPwCdYBPpisPFInv,Top Down,EARTHGANG
0ldvmjY7KZIdGE3wmG8H5P,Mind Right (feat. Warhol.SS),Shoreline Mafia
5yl7WSp3mot0nepMQvfVi3,42 Hundred Choices,IDK
2deqxeX4K24llKIOCVIznc,Peanut Butter Jelly,Joey Trap
1MJYFJ2igOWZpTo2kDcolx,"Costa Rica (feat. Bas, JID, Guapdad 4000, Reese LAFLARE, Jace, Mez, Smokepurpp, Buddy & Ski Mask The Slump God)",Dreamville
38QNoGHaNJXiJggnYrGmBG,Fashion Week,Rico Nasty
3S8hI4RwB6vQ8fgZZihtpv,FIND HIM!,Comethazine
45anQ4WSf2a9QhZq55aaMw,Bounce,Mulatto
56Sng0NtW0YYy4Edtpybm8,LANESWITCH,Lil Tjay
5KN1f1ykokALThCHt3QEwU,Talk 2 Me Crazy,euro
5p4cqkhrPo067v11PN3Mqh,Malice,Travis Thompson
0dEHnISmXM6ca2b13HDnOW,Hold Up (feat. Gunna & Young Thug),Yung Bans
0et3KfGLKitEvAnvzIa4X0,Who Shot Johnny?,Tyla Yaweh
3sufgB1pM6cLtCtFWgqQAH,24,IDK
7sfGOrHS7jUQqbzpCnseXU,Pop My Shit (feat. Lil Keed) - Remix,Lil Gotit
3oiysoxhKa4Pe7bdKLUfYc,Hittas (feat. NLE Choppa),Yella Beezy
2BYCrz7y5HGdEDWKmlbkMt,18 Wheeler (feat. Pusha T),Benny The Butcher
2TF0kVvksniUGEdwnBSw2v,85 to Africa,Jidenna
4bJpr0Ed3TUYfM3FYbpOEi,Prada Process (feat. 6LACK),Guapdad 4000
05VhhLFectPKyMSVLHZqPN,FORREAL,K$upreme
1MXCuifP9G4nGoU0LLRpfj,UP,EARTHGANG
50ZIULzCWGEPBiyhtKW8Cm,Legend,SOB X RBE
1rS0eq80peCPCgfT2t0Kmm,Monica Lewinsky,SAINt JHN
4BYPnNTZkGpnd5Odm2JFpT,Reverend,Smino
4bBwDzD6WUTVJX7Ea79xpB,Magic,Rory Fresco
65APBxUtoaJnO97ohduFmD,LV Smoke,Ryan Trey
1XRaT5DqbSipsS1YcubfDA,THRU THE NIGHT (feat. Bryson Tiller),Jack Harlow
2cm7ApASoZdkhnJxvkMqfy,Big Homie,OMB Peezy
1BbKYZMQHYk0g3CEkZw5MD,Sauce (feat. Lil Keed),Kid Buu
7r2ay8Pgbj9yZYUAPj6zqh,Hot Sauce,Lil West
2LWDBGSvTl9TjCVQKC2YgO,Anonymous (feat. Smino),Cousin Stizz
0MKDe18bJByUavetHwnhrv,Go Viral (feat. Future & Metro Boomin),Joe Moses
7bVBVMOB6aooO7hPwl8jGc,Uninvited,Valee
04VO6VICgMJgTe2dLxFBoW,Anything Can Happen (feat. Meek Mill),SAINt JHN
3eCulo5yg6EwkTfYcy1Xmh,Jollof Rice (with EARTHGANG),Bas
2ilkJUTXjd773UKTo3tZe6,So Brooklyn,Casanova
5N8qbOgIjcPpGcpwS2lEyv,Flooding The Streets (feat. Calboy),TJ Porter
5ON3vOmbAsjByiJObo2CHi,Sneeze (feat. Kehlani),P-Lo
1F3tlgcYiaZjgAraz8QQiA,First Things First (feat. G-Eazy and Reo Cragun),Guapdad 4000
6GK99awKS413giiAQbw6qV,Harlem,TJ Porter
2xONP2xvJLEwk5B5OrnOfH,Next Up (feat. Tee Grizzley),Sada Baby
5NfNMivWsKYBw3KrHfwVXj,Toast 2 That (feat. Freddie Gibbs),Cousin Stizz
1DJeN9JIHqYBxw2qKvOOIk,Pretty Bitches (feat. G-Eazy & Bree Carter),RJMrLA
6iyhnv7qFsWHNv9zTSqtUw,CABBAGE,GNAR
6fWa5CRgy0z30OeGZyMBvD,Heart On Ice,Rod Wave
51utzcuw1SxGYh92nmbFrm,For You,Childish Major
21m3mGiZuSVt1WhxIKbcvC,A lot on ur plate,Father
1n86eBhlqaxWIwi5YZTUok,I Get Around,2Pac
4IYKjN1DrYzxKXt0umJqsG,I Got 5 On It,Luniz
0xyR0utsJZGtHdcuBqTEVZ,"Day One (feat. Big L, A.G., Lord Finesse, & O.C.)",Diamond D
30eW6IlBK3wCwcB8TsPXua,Hip 2 Da Game,Lord Finesse
17larILaMHwsprsMFnYI77,Big Poppa - 2005 Remaster,The Notorious B.I.G.
4AE7Lj39VnSZNOmGH2iZaq,Do For Love,2Pac
2p9sprAX27D6U5cuSE9NsM,When I B On Tha Mic,Rakim
3jFTsobEff1Cz8DlIAisYY,You Know How We Do It - Remastered,Ice Cube
6Kp8tQd95YPSrSUTkll2Of,Feel Me Flow,Naughty By Nature
7KwZNVEaqikRSBSpyhXK2j,Hypnotize - 2014 Remaster,The Notorious B.I.G.
2xTft6GEZeTyWNpdX94rkf,All Eyez On Me,2Pac
3GKL13lkM5nRc4zC1lIOrR,Still Not a Player (feat. Joe) - Radio Version,Big Pun
5oqSr3rehtGgZyDh0LCSA7,Gotta Get Mine,MC Breed
1zS4PMsHfkSXPkzrEkCkC6,Invocation,Common
6loNZHKeeNUjrUkjXdCwiZ,You Know My Steez,Gang Starr
0B8drtTSp68pZdkmVrG9ZA,Twinz (Deep Cover 98) (feat. Fat Joe),Big Pun
67mtN6BlsJR0LVyzvNZnGt,Tonight's Da Night,Redman
0hKr166QnNZ0a37G4UO0VY,Nappy Heads - Remix,Fugees
4JYUDRtPZuVNi7FAnbHyux,"Flava in Ya Ear Remix (feat. Notorious B.I.G., L.L. Cool J, Busta Rhymes, Rampage)",Craig Mack
6jn2A66ztgXPrpeNsdiGHE,Tru Master,Pete Rock
6PhOzQShyz2vjELsXax7TQ,Player's Anthem,Junior M.A.F.I.A.
2lUirvUhqfBqJzUvk4tLoK,It Was A Good Day,Ice Cube
0PV1TFUMTBrDETzW6KQulB,93 'Til Infinity,Souls Of Mischief
22Yq5tkMN8JE7h1Bq3pWHS,Wreckonize - Remix Vocal,Smif-N-Wessun
3djNBlI7xOggg7pnsOLaNm,California Love - Original Version,2Pac
2vfvGlqCB7oertO5VLE0sz,ATLiens,OutKast
7bp5DfkdK1OAvNJ1U4HfDA,Shadowboxin',GZA
3NGT0Td7H4Is1qrlDQJxma,Check Yo Self - Remix,Ice Cube
0WKYRFtH6KKbaNWjsxqm70,Gin And Juice (feat. Dat Nigga Daz),Snoop Dogg
2ImuQo1g14CTR9hZAZD3aQ,This D.J.,Warren G
3MnwLa9KRUiv2gNFtWPvib,C'Mon wit da Git Down,Artifacts
4INDiWSKvqSKDEu7mh8HFz,Mo Money Mo Problems - 2014 Remaster,The Notorious B.I.G.
4G19iP1Ltd4GLknCiS2k7y,Real Muthaphuckkin G's,Eazy-E
0XRbYXQUymj9SJkrr8YK5B,Keep Ya Head Up,2Pac
7N1Vjtzr1lmmCW9iasQ8YO,Survival of the Fittest,Mobb Deep
3Dh10QBwBWVQAMJNNhLRq4,You Never Knew,Hieroglyphics
4akCwzFRS8Syu5uFy7L1sG,Hail Mary,Makaveli
65iyI1iybyv5ecsfBHSdUf,Gangsta Nation,Westside Connection
3nqnWEZnYoetfO2ksMZZVK,I Like It (I Wanna Be Where You Are),Grand Puba
1rylJ0VXvhOzLGNm401iaI,Keep Their Heads Ringin',Dr. Dre
1KFIhbTUmGKUG1wUw5M8Am,Ya Playin' Yaself,Jeru The Damaja
2MAaiV0bbeq4FpSwPe2rR8,Find a Way,A Tribe Called Quest
1RjU7UhRICmdFPKxCucLgq,Hell on Earth (Front Lines),Mobb Deep
0trHOzAhNpGCsGBEu7dOJo,N.Y. State of Mind,Nas
1h20yRsf5WeuHbohrlfcCt,Me Or The Papes,Jeru The Damaja
5f1RQ9Xq2iS2JUx9eowJov,Runnin',The Pharcyde
1wz8pADdf6B41NqGxxoASh,True And Livin,Lord Finesse
4HfxDJ0uLHTLe0fZrx0MbQ,Check the Rhime,A Tribe Called Quest
7oCZpPJcPDZfeIy2t6gqSg,Born 2 Live,O.C.
5H0dVldtI6HJZnEXzigKfY,Ruff Ryders' Anthem,DMX
6w4MlvpuxtbjGdL9YeTx89,Jazzy Belle,OutKast
7x9hPUtk2PNUcSwPbMWQP5,Alwayz Into Somethin',N.W.A.
7fXhkARAtS66kxexMIAx8O,One More Chance / Stay with Me - Remix,The Notorious B.I.G.
0Y1wsOHYGbNNNGeYjQJ8BL,Temperature's Rising (feat. Crystal Johnson),Mobb Deep
4u7hiFNXUeTG3A4dqQrkcd,Resurrection,Common
6SI4JD7iyQ0rrudhCNtMv0,"Ice Cream (feat. Ghostface Killah, Method Man & Cappadonna)",Raekwon
1Sgj10byiGzPpI2IrXSFEn,Protect Ya Neck,Wu-Tang Clan
0shK5iZQppbHPQYiy60xs9,Rosa Parks,OutKast
6dRj771QZr0KOQVwaB6ykM,Grown Man Sport,Pete Rock
525yPO8r5J6kLostDxm3XK,Back That Azz Up,Juvenile
6hxn98poTu1O4YZfafvC18,What You Want (feat. Total),Mase
4lqU4WByDFKDGrHknQV6ZC,N 2 Gether Now,Limp Bizkit
6tDxrq4FxEL2q15y37tXT9,Dear Mama,2Pac
3enjxX3aOAsFyaKeH1O9jO,Sound Bwoy Bureill,Smif-N-Wessun
7nk7oS0G6qG3ofHUAKbg9F,Da Joint,EPMD
5K5dQsYdSdo2LKdepxbYAd,Gettin' It,Too $hort
3glqlA5qY3bbo8UaUDGPnw,Triumph (feat. Cappadonna),Wu-Tang Clan
0gEF7HzO1mYr9Hp4pdKalV,All About the Benjamins,Diddy
1dF5Y2dd7Wm4wZKvVjWBpr,1st of Tha Month,Bone Thugs-N-Harmony
4PvcavllGpo6lB8VkIgXIZ,Live at the Barbeque - 2017 Remastered Version,Main Source
2mehHNForRahnPueLQAgfv,Next Level - Nyte Time Mix,Showbiz & A.G.
3LklW07tvdx2AHsgfi1Mng,I Wish,Skee-Lo
6nwAubYnLGl7F7cDuOoVLp,Quiet Storm,Mobb Deep
0Zh5U48tZNeAzzLTV1CVBE,Forgot About Dre,Dr. Dre
3ipzZgH1766XXRamVwk1Iw,I Juswanna Chill,Large Professor
4KkwBjTLeXmBSIwLFqwlKU,Passin' Me By,The Pharcyde
7Kutf53V4k0CvU4nKu5oK6,Real Hip-Hop,Das EFX
7EZOcCGTHCXTLFtax2VUsU,Whirlwind Thru Cities,Afu-Ra
2myYajO2Ip0zxKaXvm5YRL,Thuggish Ruggish Bone,Bone Thugs-N-Harmony
4sMH75ctV0RVSOHZqXJpHD,It's Been A Long Time,Rakim
1RXEb6UTxJ05RffnAWfUOE,Player's Ball,OutKast
5KA6S4auXremQLoBIsKprz,Bow Down,Westside Connection
5PQmSHzWnlgG4EBuIqjac2,If I Ruled the World (Imagine That) (feat. Lauryn Hill),Nas
34MRi5GRWHFUa731JBxFEl,Chief Rocka,Lords Of The Underground
0qttxLLyAshPduVf6LRGKk,Sometimes I Rhyme Slow,Nice & Smooth
68pWLkspLFIfIPPtzyTkQy,Regulate,Warren G
3W6UZZEiAIywZYpNpfBplK,Get Money,Junior M.A.F.I.A.
3ooAjhyOZ1xttGD0iq1GVO,"New York, New York",Tha Dogg Pound
4FDbLUb5SDKy3rnRtS02q1,How High - Remix,Method Man
4aalPyjg8pC5v7AQm5HJd0,Miami,Kid Ink
2gwkD6igEhQbDQegRCcdoB,Suge,DaBaby
49npsHkkRrF42IxwU10Egt,YES,Fat Joe
3SZqA7rQvROJsCbUu2v0xa,Go Loko,YG
1wJRveJZLSb1rjhnUHQiv6,Swervin (feat. 6ix9ine),A Boogie Wit da Hoodie
59ywHNwwchG4nZJMLyxSzd,Clout (feat. Cardi B),Offset
5AjINjwKyRvQJhSe2zpPHi,Pop Out (feat. Lil Tjay),Polo G
4xR7m33ECxSjY1nXyWmAx0,Sociopath (feat. Kash Doll),Pusha T
5rU6kDNXZLXIinFezpbWbO,Tap (feat. Meek Mill),NAV
3WyRgi8CzQnhzO0xw79tTS,Goin Baby,DaBaby
3UWmDKnRXFCFvtIVoDBfrq,No Stones (feat. Casey Veggies),Kid Ink
6pcYAFkGyFRCrmcXk6iauq,Wish Wish (feat. Cardi B & 21 Savage),DJ Khaled
4eIT2gZ0WZyJpgfmoD6saJ,Act Up,City Girls
7qvsl2pYzrsYgPeFBN5jxp,Juicy,Doja Cat
5FkoSXiJPKTNyYgALRJFhD,ORANGE SODA,Baby Keem
7Aem1fAapTdGcHwAYyQYU4,Love Me,Lil Tecca
4dV3okcjbQwTcg4ObIGr4N,Bitchuary,Shordie Shordie
5WJdUrZ4ND1TCZ2AsjYK3P,Broke Leg (with Quavo & Tyga),Tory Lanez
2JRo1DJhNhZWs1TzrPNOSZ,So What? - Episode 01,Vince Staples
63cd4JkwGgYJrbOizbfmsp,Pure Water (with Migos),Mustard
0i56hhAdCCT5KqZIy4pHQ4,Welcome To The Party (feat. Nicki MInaj) - Remix,Pop Smoke
6VdyIlc9dT5tPamLUNNRNy,BAPS,Trina
0EzRnjtN5ER0wu1IudNom8,Bop,Tyga
4ak7xjvBeBOcJGWFDX9w5n,Rodeo,Lil Nas X
4uU6WpUiOHLxMzXD7eVzyK,WAM,A$AP Ferg
44ZJ4hLD5onikKsVLQaILr,Vossi Bop,Stormzy
7IP0lO9tHfNwBWZ9X6TJ84,Single Again,Big Sean
1zZEly0sLmyDm75c1pAqYf,Lightskin Lil Wayne,Tyga
6yX3uHN2hq2u4IHO9qRBwp,"Like That (City Girls, Stefflon Don feat. Renni Rucci, Mustard)",Quality Control
4vfsh1GHqHZtTlkusq9j5E,Wiggle It (feat. City Girls),French Montana
2IRZnDFmlqMuOrYOLnZZyc,Going Bad (feat. Drake),Meek Mill
1BCl2F1YECc7pYMjztGiEi,Ratchet,Megan Thee Stallion
2RPNu8WTEHuInQJqRYDlWA,Party Bus,Rich The Kid
7mv4eldXEFbf3s3ZEfbmlC,Stripper Bowl,Migos
1ZDmxwg7Lywlx68b7SsJjj,MEGATRON,Nicki Minaj
0bM3UGp7nctTP3cowdiDU8,Need A Stack (feat. Lil Wayne & Joyner Lucas),Chris Brown
4l7oD6415mxY0uSppVUUjX,On GOD (with YG & Tyga feat. A$AP Ferg & A$AP Rocky),Mustard
1ri9bBxmv1CmAuA55g8Xvh,Fuck It Up (feat. City Girls & Tyga),YBN Nahmir
5wlwbEGB1y9nov8qj3yfkZ,Ready Set (feat. Big Sean),Kash Doll
4dGLMiOBMUD74iiAGQ17cK,10 Bands,Joyner Lucas
4TCG827sk5fDEmUvcQlStk,Goddamn (feat. A Boogie wit da Hoodie),Tyga
6bP5IB7UNNJMpGvMGO28qK,"100 Bands (feat. Quavo, YG & Meek Mill)",Mustard
1M5j2kkogO78mEsROrTQak,Perfect (feat. City Girls),Cousin Stizz
2xKQj6P0TgxBVaRiojP2s2,fast (Remix) [feat. Offset & A Boogie Wit da Hoodie],Sueco the Child
3XiNC94b4Tq1xwv70sQJGN,Sanguine Paradise,Lil Uzi Vert
2JvzF1RMd7lE3KmFlsyZD8,MIDDLE CHILD,J. Cole
4NN6N5TxBO5k9uqu0W4gfQ,Floating (feat. 21 Savage),ScHoolboy Q
7J2DtwsxdoyrhgNV3Vzmos,MAYDAY (feat. Sheck Wes & Young Thug),CHASE B
1rYC34UUszS0QzzECNRhYb,Haute (feat. J Balvin & Chris Brown),Tyga
3808TY2N8RQG8OcRCHoZvD,Chase The Money,E-40
7jI9cnrZof9mRNpIsA7QQN,Out Tha Mud,Roddy Ricch
4JKwW0A2OQeAUpYZd99Lfo,Let's Ride,The Game
78kVkpg0yX3jlTqzreFk0U,Doin' My Job,T.I.
2037Ob3nwf6lnMCByEoTSB,The Truth,Beanie Sigel
299Nx9X3N3cWuUHKdDlZQs,More Or Less,Shyne
0sWGn9Yvbu6ITFFwFGroQ7,Let's Get It (feat. G. Dep & Black Rob),Diddy
5F7caGhe84C6ONva5S8yXF,Dreams,The Game
0xBp653LGFv2kW4p4bcrZJ,Dipset (Santana's Town),Juelz Santana
37qcaCXw7TlBsDD5BgDoCf,Start It Up,Lloyd Banks
5tsI3xxDHDgzHhn30LTQNz,These Days,Mike Stud
6gBFPUFcJLzWGx4lenP6h2,goosebumps,Travis Scott
62vpWI1CHwFy7tMIcSStl8,No Role Modelz,J. Cole
6GnhWMhgJb7uyiiPEiEkDA,Weekend (feat. Miguel),Mac Miller
2eMwDehkIC1j68U6FA3Eiq,XO TOUR Llif3,Lil Uzi Vert
3CLd7BfvgsBwBUI8kwFLU6,iSpy (feat. Kodak Black),KYLE
4EAV2cKiqKP5UPZmY6dejk,Everyday,Logic
6CUBgX8bXC5YQCkdgRHqyg,do re mi,blackbear
2fQrGHiQOvpL9UgPvtYy6G,Bank Account,21 Savage
1Ser4X0TKttOvo8bgdytTP,Come Get Her,Rae Sremmurd
5de7ci7TFqbQ1PFgKAD7MR,"Horses (with PnB Rock, Kodak Black & A Boogie Wit da Hoodie)",PnB Rock
1jo3TwNGCXfNdB5uba3ZVv,Killshot,Eminem
5hVghJ4KaYES3BFUATCYn0,EARFQUAKE,"Tyler, The Creator"
3e7Y6sfFlIdBMJhX7wpqVO,44 More,Logic
11kWiaqMGj4BMv6syMEFT0,Heebiejeebies,Aminé
6H0AwSQ20mo62jGlPGB8S6,It's A Vibe,2 Chainz
5uDASfU19gDxSjW8cnCaBp,Chill Bill,Rob $tone
2N0NifjyXAdMOB4KBGvBJ6,White Iverson,Post Malone
1WIfWj5skn5UUZTs4cEFBe,Location,Khalid
6GgPsuz0HEO0nrO2T0QhDv,No Hands (feat. Roscoe Dash & Wale),Waka Flocka Flame
4cM0qNo02rp56x7c6nlx6T,F.B.G.M.,T-Pain
3ncgNpxLoBQ65ABk4djDyd,PICK IT UP (feat. A$AP Rocky),Famous Dex
1wHZx0LgzFHyeIZkUydNXq,Antidote,Travis Scott
1cTZMwcBJT0Ka3UJPXOeeN,Nice For What,Drake
7KXjTSCq5nL1LoYtL7XAwS,HUMBLE.,Kendrick Lamar
6bZB5IW4W9qFDbnD2kJJou,Keepin it movin am & guv demo.mp3,Andy Mineo
59oP06RoBps6bvbvSQ1Zee,Swish,Mike Stud
2XW4DbS6NddZxRPm5rMCeY,God's Plan,Drake
6PGoSes0D9eUDeeAafB2As,LOVE. FEAT. ZACARI.,Kendrick Lamar
43PuMrRfbyyuz4QpZ3oAwN,Exchange,Bryson Tiller
4dfCW8ynuItQ9ABweWyl4C,oui,Jeremih
1lAgtcp1KQRQS10m2yCgvm,Wavy,Ty Dolla $ign
6jmTHeoWvBaSrwWttr8Xvu,I Mean It (feat. Remo),G-Eazy
4URQKHMxklDp1WQY0c6lZu,Tunnel Vision,Kodak Black
6AoYWCzsDls6c61Zp5qTuU,$ave Dat Money (feat. Fetty Wap & Rich Homie Quan),Lil Dicky
15EPc80XuFrb2LmOzGjuRg,Crew (feat. Brent Faiyaz & Shy Glizzy),GoldLink
7cGFbx7MP0H23iHZTZpqMM,Everybody,Logic
1OmcAT5Y8eg5bUPv9qJT4R,rockstar,Post Malone
4RVbK6cV0VqWdpCDcx3hiT,Reborn,KIDS SEE GHOSTS
10Igtw8bSDyyFs7KIsKngZ,Freaky Friday (feat. Chris Brown),Lil Dicky
2ONFCvnI85yGmDhXT8HyXj,wokeuplikethis* (feat. lil uzi vert),Playboi Carti
4Sj8JZ9zZfl8HaOav5yTVq,1-800-273-8255,Logic
3pXF1nA74528Edde4of9CC,Don't,Bryson Tiller
3NJG6vMH1ZsectZkocMEm0,Tiimmy Turner,Desiigner
0NBiC3zLXoBQXBjsbnbwJq,Molly (feat. Brendon Urie of Panic at the Disco),Lil Dicky
71SDPonZOsIKNtqnaX8LXj,Low Life,Future
6HK4YGOpZr1ost68QP3ul0,Ride Slow,Russ
4ntsD33Pgsgk8rUyZLLiUV,DEVASTATED,Joey Bada$$
3Z2sglqDj1rDRMF5x0Sz2R,3005,Childish Gambino
5is0hEWWStAbbHCjWyoxq2,Too Young,Post Malone
7p54iuWHqvdeN224OglZ9t,I Don't Fuck With You,Big Sean
5NQbUaeTEOGdD6hHcre0dZ,679 (feat. Remy Boyz),Fetty Wap
5cgEadiGKjtTP1Q6NJqVP5,A-Team,Travis Scott
3sz2fvkHUhBip8r9i8HqeV,Down For Me,G-Eazy
2YK01AIIWuywG24gsbuizE,Congratulations - Remix,Post Malone
28FGV3ORH14MYORd7s5dlU,Not Alike (feat. Royce Da 5'9),Eminem
0wdKiSBUT7aZkXUIdJWcwC,2 Phones,Kevin Gates
5lFDtgWsjRJu8fPOAyJIAK,Back To Back,Drake
7xq3uN2toVZ8IbNzfTucyJ,Calm Down,G-Eazy
0taOCiup4HNG9LmbduVlJj,Rubbin Off The Paint,YBN Nahmir
34oWbFBfGEElvgO0a5c9V4,No Flockin,Kodak Black
4uQ7wYsuL0DryknoDc11Hk,Norf Norf,Vince Staples
27GmP9AWRs744SzKcpJsTZ,Jumpman,Drake
2rmq49FcJ4U3wh1Z7C9UxE,IV. Sweatpants,Childish Gambino
6KCt9V6Lev0M04rFUj8ANC,Ice (feat. Gunna & Lil Baby),Gucci Mane
0egGmGkZ8maYdEYo4RrVsZ,Lemme Freak,Lil Dicky
75FDPwaULRdYDn4StFN2rT,Bartier Cardi (feat. 21 Savage),Cardi B
6hVGw7yVUd2bpdHMPCWrtN,March Madness,Future
6hYdhO1BF8V03tuF8pADKP,"Or Nah (feat. Wiz Khalifa) - Live from The Village, Los Angeles",Ty Dolla $ign
3ESSGgWzRf1xvP7G5hHMhB,Again,Fetty Wap
610BVUQMZpmt3eROWX9ZC1,Say It,Tory Lanez
6SwRhMLwNqEi6alNPVG00n,LOYALTY. FEAT. RIHANNA.,Kendrick Lamar
0D21XvHcVsIvJM6FcGY2BT,OOOUUU,Young M.A
3rOSwuTsUlJp0Pu0MkN8r8,Mask Off,Future
0lwkTJnLBVWvEnxtku7Msy,Alright,Logic
5IZc3KIVFhjzJ0L2kiXzUl,Promise (feat. Fetty Wap),Kid Ink
0hy1SOTEn9ifXTzOwnCwEr,All Eyes on You (feat. Chris Brown & Nicki Minaj),Meek Mill
7zBPzAjKAqQpcv8F8GCq5s,Uber Everywhere,MadeinTYO
29gsi1zZrZxdStACmTQB0Z,Studio,ScHoolboy Q
029QP3fFtLaW9B9RKr8DAg,Say My Name,Lil Yachty
4T0ScSPdQKmGvruK7pavNP,"Flex (Ooh, Ooh, Ooh)",Rich Homie Quan
7aeC8XRoU9s8b0OPUfUbtJ,Friends,Andy Mineo
7BKUWh5sdtdS17crohRe4L,Black SpiderMan,Logic
3kxfsdsCpFgN412fpnW85Y,Redbone,Childish Gambino
2P3SLxeQHPqh8qKB6gtJY2,Poetic Justice,Kendrick Lamar
1hsCcm0xujceILNvgRfrVB,Big Fish,Vince Staples
4WnNkrP4v1kBuOILHuE7NI,Run Me Dry,Bryson Tiller
55Q46o5adtSobImSKrrlqW,Top,Lil Uzi Vert
19gEmPjfqSZT0ulDRfjl0m,Hot N*gga,Bobby Shmurda
1bzM1cd6oqFozdr4wK6HdR,Blessings,Big Sean
7DTlsMOQjGysXHpwwpHuPl,Lifestyle,Rich Gang
2k1BSkz7e6dWNS4OXrbdon,To the Moon,Phora
2H881m3JRA8lpuuwaQL6zy,No Fear,DeJ Loaf
22DKsoYFV5npPXmnPpXL7i,Watch Out,2 Chainz
6HSqyfGnsHYw9MmIpa9zlZ,Forever,Drake
0fgZUSa7D7aVvv3GfO0A1n,Post to Be (feat. Chris Brown & Jhene Aiko),Omarion
05hdZ0YRqAg6qsgV1ee3LE,I'll Find You,Lecrae
5hfpu8saHLGedbHRtNCYjm,Trap Paris (feat. Quavo & Ty Dolla $ign),Machine Gun Kelly
73WVn9jXiLvjO0jq6x4hYX,Sub Me In,Futuristic
4QRWA5UqYU1st9aO0UfxOj,Fade Away,Logic
5u5VZaUmYMZiFed9jFWebf,Valet (feat. Fetty Wap and 2 Chainz),Eric Bellinger
11BIoKDpTJHX5mZt6p566h,New Level,A$AP Ferg
6HEIBHUirx1J0JkUD24szt,Water,Ugly God
4CpKEkdGbOJV51cSvx7SoG,Controlla,Drake
1BTj47Up5m8601KOFrTvkj,I Am The Greatest,Logic
7kqcudBGM74MXVoYMaoWkC,Loyal,Chris Brown
3FDrI0FLKzrYQiWxPhqV2W,Rollin (feat. Future & Khalid),Calvin Harris
4xkOaSrkexMciUUogZKVTS,'Till I Collapse,Eminem
49VzL5oBsUICN7U34T98b9,Instinct (feat. MadeinTYO),Roy Woods
0MuqFuh4MerIiFsYWuEFaP,Do You There (feat. Marc E. Bassy),Skizzy Mars
3XRkv73fYSn0lfT5BeHvmq,Clarity,Andy Mineo
33JcUj9qQDayKswunZP9ar,Best Friend,Young Thug
39pS70eeDvyCAF3t8NAlVV,Good Drank,2 Chainz
1rEHQCkmLYY0CDrIborSoF,Paranoid (feat. B.o.B),Ty Dolla $ign
4fUh9VvKW4shhWN5LfN1Ba,Be Real (feat. DeJ Loaf),Kid Ink
5TmgLf3eXrAAfNIk5bURJL,Angels (feat. Saba),Chance the Rapper
0a8uknDuoiWLuACnaLPlgr,Faded,Tyga
4q6oNFTjZmJqkIgPdp8iR1,Lord Willin',Logic
5uqphUYsR45kPYplrYSAQh,Throw Sum Mo,Rae Sremmurd
5qbcsZMwL0x46sX7VO37Ye,Up,NAV
49zD0wr2S3d0lZPib0K4e1,F*ck Up Some Commas,Future
5O2Yjlcs5pSpHq1gcA0cwg,Order More,G-Eazy
6or1bKJiZ06IlK0vFvY75k,Rap God,Eminem
16bHRxM89ue0TiCKARYbRp,Sorry Not Sorry,Bryson Tiller
4USkck1rAt5i460l5yvdOk,Body,Dreezy
5suEtW2DUAfvroohjzgatb,Blasé (feat. Future & Rae Sremmurd),Ty Dolla $ign
2yJVeT8cP1zstJxRP7Nlv8,No Interruption,Hoodie Allen
16aNJYinJv9AAetWD5yJen,Freak in You,PARTYNEXTDOOR
2znzyzlAUc8Z1Ikq9aFOcx,Tuesday (feat. Drake),ILOVEMAKONNEN
4nMdQX2N9sp3bYDnrQmUry,Space (feat. Sexton),TK Kravitz
6mLfR7fHVDcCKpLwGLWCWw,F With U (feat. Ty Dolla $ign),Kid Ink
7s49Um7G06hq2rulrHPsIy,Jimmy Choo,Fetty Wap
2okC0OWtgS86P2LC18IzHy,Bake Sale (feat. Travis Scott),Wiz Khalifa
3fpTMuD1u3gJlVI4FadVHs,Fancy,Drake
6IDPludhDutkH3BCfNRmTb,Finesse,B.o.B
3pkwwEMeus1d9l6b6GDnnI,Karma,Madd
5UPNBWFU2TEf9kauIITfBs,Saved (feat. E-40),Ty Dolla $ign
7JpewU9FPkJyiOi0CErkpI,The Greatest,Futuristic
275a9yzwGB6ncAW4SxY7q3,Panda,Desiigner
17Q87zeXgsAi9iQQbMu9v0,Summer Sixteen,Drake
6gpcs5eMhJwax4mIfKDYQk,Slide (feat. Frank Ocean & Migos),Calvin Harris
40YcuQysJ0KlGQTeGUosTC,"Me, Myself & I",G-Eazy
0sr5LOMv4x0jmTYfe6oOvP,Back Up,DeJ Loaf
4STaHtfguDMkWbPEo6Fwcx,Not Nice,PARTYNEXTDOOR
5nN8BwAQDJDguq7Dpd3JQQ,Where Ya At,Future
67gmXPQZL1ISSh13OJJ1Pu,Blue Cheese,2 Chainz
1pKutUZfThtlEWdvxT1jHV,Sidelines,Lecrae
7KLB6Jptw9wyQXkSLiO8qh,Might Be,DJ Luke Nasty
2FtODdMaymGKIEwO7zOGM1,I See You (feat. Chris Brown),Kap G
3keUgTGEoZJt0QkzTB6kHg,Truffle Butter,Nicki Minaj
3LcPbIW3PHKk8ZvpX2Kai4,Aye,Fetty Wap
7e5z8Set6bsGDh8KIsZnoX,Housewives,Bas
6jTmIo0IdZU3O5JNCmLnpu,The Uber Song,DRAM
1LxKKYsJNPeBdOwdudsJzv,Down In the DM,Yo Gotti
61zTSexBvC42Db8jxMHuKx,Handsome And Wealthy,Migos
5YYjsDIxJKpVgNLkPpBmRA,Up,Desiigner
5jNrszQHRIVKmS9Ptb63pe,Paper Trail$,Joey Bada$$
376KnY4TrgBITxjlnbnmIy,Cut It (feat. Young Dolph),O.T. Genasis
7gDwRzJhLs0fFHaGtMDJVM,Baby Blue (feat. Chance the Rapper),Action Bronson
1hzJQIkgXwZevaKsc7iA6D,About the Money,T.I.
228nYWqXzsBS9Ha0SIpM7q,Wool,Earl Sweatshirt
2XlHu0HcujBCkWMdIAvrqt,Blem,Drake
1IBUPdwV9TvaipSODdt8QY,Maghreb Gang (feat. French Montana & Khaled),Farid Bang
5ZG292Q7DyIKBWLOVJ9r6f,Dinero,7liwa
5MD2QLnFM2ChpKAh33z0zr,Hercules,Young Thug
7mhk9WyqZZzvTTCQKfh2iV,Law (feat. E-40),Yo Gotti
2f9LSU0aBW04w6KL26DW8r,Come Closer,WizKid
746PsZ5jTdqIJ6LgJAHcEZ,Moolah,Young Greatness
5GHb5qmXRlQcqc3bLBh3XK,This Is It,Flatbush Zombies
3XJ25IKHBKosyTvd09BqYm,No Chill,Vic Mensa
19JoqD0UEmqnQ0ynmCAQwp,Bad (feat. Tiara Thomas),Wale
7fJtPlEZKxu6gvkfBFc5tW,Too Good,Drake
6ndmKwWqMozN2tcZqzCX4K,Remember the Name (feat. Styles of Beyond),Fort Minor
6Kq3dPaKCOeA1BcU3JgK42,Somethin Tells Me,Bryson Tiller
649ssrjwPejsMkoEHinYdG,"Ciel (with Lomepal, Shobee)",Naar
1kEOLjp8iAb8WvoiVC9rzi,"My Love (feat. Major Lazer, WizKid, Dua Lipa)",Wale
02i751eiU2c0lKnvBTWuD8,Groupies,ElGrandeToto
33pDmPx2pkJ7JCAQpRDQ9B,GLOWED UP,KAYTRANADA
4IIUaKqGMElZ3rGtuvYlNc,Wild Thoughts,DJ Khaled
6plT7nFGiXKSBP9HFSI4ef,Chum,Earl Sweatshirt
5wTVNpi5WDByxBgKgUE6MU,Supermodel,SZA
1gpSrGUfU3F9TOzPlEyLxH,Gotta Lotta,2 Chainz
1PzLQGCLWq3cADyGal4FfU,Gareema,Dyler
0I6wh8pETh9PS7dVTzykQd,Ran Off On Da Plug Twice,Plies
2w9Qq5cflc8Z6BraiDCyes,Christ Conscious,Joey Bada$$
3O4mrgA9FYu5MA79rqTfpL,1st Day Out Tha Feds,Gucci Mane
5tkDCf3xKRZjT5RbCb3sZB,Big Amount,2 Chainz
3f8a6QCUxTaXVLIRstp2gV,The Most,Rich Homie Quan
4pd9U2JgVvJnFW5eF37wit,By Chance,Rae Sremmurd
2Nh2cMryoXl7BrZoIeN2Pr,Dapper (feat. Anderson .Paak),Domo Genesis
0ARK753YaiJbpLUk7z5yIM,Dilemma,Nelly
1eLSF6HfrRA0AsNmTkUlKx,"King's Dead (with Kendrick Lamar, Future & James Blake)",Jay Rock
3GCdLUSnKSMJhs4Tj6CV3s,All The Stars (with SZA),Kendrick Lamar
12rbR0qoFJQ7rRGzgXrzHy,Wow Freestyle (feat. Kendrick Lamar),Jay Rock
6HZILIRieu8S0iqY8kIKhj,DNA.,Kendrick Lamar
2HbKqm4o0w5wEeEFXm2sD4,Money Trees,Kendrick Lamar
5ujh1I7NZH5agbwf7Hp8Hc,Swimming Pools (Drank) - Extended Version,Kendrick Lamar
0N3W5peJUQtI4eyR6GJT5O,King Kunta,Kendrick Lamar
1EaKU4dMbesXXd3BrLCtYG,ELEMENT.,Kendrick Lamar
3aGibUHhQyBsyumYHylw0K,Backseat Freestyle,Kendrick Lamar
3iVcZ5G6tvkXZkZKlMpIUs,Alright,Kendrick Lamar
7ALEBJ8LOQqXVJ2tqnXtoH,"Bitch, Don’t Kill My Vibe - Remix",Kendrick Lamar
6fIjnWrv46njJHLDAY2JdC,Dedication (feat. Kendrick Lamar),Nipsey Hussle
2MYl0er3UZ1RlKwRb5LODh,A.D.H.D,Kendrick Lamar
6DB2KOEwHnjkgEnBt5SdeJ,Mask Off - Remix,Future
0zO8ctW0UiuOefR87OeJOZ,Collard Greens,ScHoolboy Q
7wdzLe2Gsx1RGqbvYZHASz,i,Kendrick Lamar
23luOrEVHMfoX0AhfbQuS6,FEAR.,Kendrick Lamar
4XoP1AkbOurU9CeZ2rMEz2,"F**kin' Problems (feat. Drake, 2 Chainz & Kendrick Lamar)",A$AP Rocky
4iYRa2btalAzPZoSYfROqF,XXX. FEAT. U2.,Kendrick Lamar
2b3KgzISdjZVNPJJ1945nw,Rigamortus,Kendrick Lamar
5cXg9IQS34FzLVdHhp7hu7,Big Shot (with Travis Scott),Kendrick Lamar
40IQooNkPRVtn4zlE3ZFpA,untitled 07 | 2014 - 2016,Kendrick Lamar
4fVqQKbROkz8Z9FFJS7vls,HiiiPower,Kendrick Lamar
0y9uTzK9cNKSAEHnpeRG8C,DUCKWORTH.,Kendrick Lamar
5kpnUpMNV9dPNCKY7JtW3Q,Forbidden Fruit,J. Cole
6TLSA1Tmw8RQxvAioq6je6,Birds & The Beez,ScHoolboy Q
3RPK9VQuTsiTySY48ldeqx,Tammy's Song (Her Evils),Kendrick Lamar
6D5GoogBIBMUBlQ1CYTkOH,She Needs Me (Remix),Kendrick Lamar
3A2OHirUAlQp2x73BJlEDA,"Perfect Pint (feat. Kendrick Lamar, Gucci Mane & Rae Sremmurd)",Mike WiLL Made-It
17vQTNbvhpvi92qOnDOFHB,The Law (feat. Mac Miller & Rapsody),Ab-Soul
6i6cWTCYBOKEdJnWjzm2yk,Hood Gone Love It (feat. Kendrick Lamar),Jay Rock
4J56uEZtgVjuTi27Rvclag,Hustla’s Story (feat. Kendrick Lamar),Cozz
01A7PEPSnmtixFPfB2UTal,Buy The World,Mike WiLL Made-It
2RPbEp0DyBVlkRvvYKopO7,Wat's Wrong (feat. Zacari & Kendrick Lamar),Isaiah Rashad
6CTG85NJI1Wm60pxTSRNwL,Never Catch Me,Flying Lotus
7yotKA30dwTKNEGomV9ZsI,KOD,J. Cole
0utlOiJy2weVl9WTkcEWHy,Neighbors,J. Cole
1AT4xjNarTswd0UZ5FlmKF,Motiv8,J. Cole
16qYlQ6koFxYVbiJbGHblz,G.O.M.D.,J. Cole
6Ius4TC0L3cN74HT7ENE6e,Wet Dreamz,J. Cole
7FOJvA3PxiIU0DN3JjQ7jT,Power Trip,J. Cole
7lL3MvFWFFSD25pBz72Agj,A Tale of 2 Citiez,J. Cole
2UciqgwVDwro0fev3MFbxJ,ATM,J. Cole
1HNs07uZxZniPNmniw2GTa,Apparently,J. Cole
6tZ3b7ik1QDXFAZlXib0YZ,Kevin’s Heart,J. Cole
5sWbwccBcyHsg5LEKWGZo9,BRACKETS,J. Cole
20wR5XQpaL1uvVY8gmc4uY,Can't Get Enough,J. Cole
6I6NX6tjGsxFAsIfGzY9lJ,Deja Vu,J. Cole
6rbeWjEavBHvX2kr6lSogS,Work Out,J. Cole
6JG0qhINKVwiHxqN85j7RG,Crooked Smile,J. Cole
0bhnUFDQFCEHCBlsQfHnj5,Photograph,J. Cole
282L6SR4Y8Rs0VUgtEy1Zw,She Knows,J. Cole
07NI6CCv57IbIqzy10ddd7,Nobody's Perfect,J. Cole
6FedhFiHb0KxTvOD1qEX8L,In the Morning,J. Cole
7EulRO07ZgchxqKUHb8Pvc,1985 - Intro to “The Fall Off”,J. Cole
4gkl7QbQvBd3TM9PhlWFkI,Love Yourz,J. Cole
0QpYkajexWrB0P3TWvkHlm,Rich Niggaz,J. Cole
6AGON2BGdPmPMJGiiNuuwl,Immortal,J. Cole
4LXUkhq8xN96oHvgYO5I5P,Lights Please,J. Cole
4cvUik0BhfRXJyEGtTYuut,Land of the Snakes,J. Cole
1wIQtB3UQ1TfjNMZZqO6eh,everybody dies,J. Cole
3pjUyVbFmM96tYhSaKJwTt,Change,J. Cole
08zJpaUQVi9FrKv2e32Bah,Planez,Jeremih
4WfjYOo0JxommRm1PyObJl,High For Hours,J. Cole
3FWR4iiUUPHIK7OpiEgh8J,Lost Ones,J. Cole
0eneujAc4PxkdjP25Gsue1,False Prophets,J. Cole
1vvnYpYEMVB4aq9I6tHIEB,4 Your Eyez Only,J. Cole
6qwGBEapykrbAHTYlYwONN,Cole World,J. Cole
2z3joGXrdGL2iEjIKQTiN1,Ville Mentality,J. Cole
5VA4Ispp52EA1sOqzMz3Av,All I Want Is You (feat. J. Cole),Miguel
2pUrFLAbWbUqZnnSgJ2u5I,My Nigga Just Made Bail,Bas
2j8MsmmNqmc6UBEA54KOlY,"American Dream (feat. J. Cole, Kendrick Lamar)",Jeezy
3s4mrPrEFFPF0LmAfutW0n,The London (feat. J. Cole & Travis Scott),Young Thug
6MF4tRr5lU8qok8IKaFOBE,Under The Sun (with J. Cole & Lute feat. DaBaby),Dreamville
0YAQnYt2oB8OdoaeqnHyTI,Tribe (with J. Cole),Bas
2wAJTrFhCnQyNSD3oUgTZO,Work Out,J. Cole
6MF4tRr5lU8qok8IKaFOBE,Under The Sun (with J. Cole & Lute feat. DaBaby),Dreamville
36J0iaPDGbYGsHvYpaYs3k,"Down Bad (feat. JID, Bas, J. Cole, EARTHGANG & Young Nudy)",Dreamville
1OS9fNE87zO4Z696lBXriv,LamboTruck (with Cozz feat. REASON & Childish Major),Dreamville
03XfngWwNfhEjrnEga73Rg,"Swivel (with EARTHGANG) - From The Upcoming Album ""Mirrorland""",Dreamville
7wxDKfgFtRTbupcG4xDhtj,"Oh Wow...Swerve (with J. Cole feat. Zoink Gang, KEY! & Maxo Kream)",Dreamville
4ChD9wq9iakg5UdeSzmgPE,"Don't Hit Me Right Now (with Bas & Cozz feat. Yung Baby Tate, Guapdad 4000 & Buddy)",Dreamville
2gtFMLjQpCTGekMi4oXZxN,Wells Fargo (with JID & EARTHGANG feat. Buddy & Guapdad 4000) - Interlude,Dreamville
6n3q5ybuUQFT97ddyuxsFh,Sleep Deprived (with Lute & Omen feat. Mez & DaVionne),Dreamville
7dnSXaCjLdFiWZa8s5wP1n,Self Love (with Ari Lennox & Bas feat. Baby Rose),Dreamville
3QBnJDkME3teXvf52Sfslk,"Ladies, Ladies, Ladies (with JID feat. T.I.)",Dreamville
1KbCc89SxYma4BnBChkJBs,"1993 (with J. Cole, JID, Cozz & EARTHGANG feat. Smino & Buddy)",Dreamville
2DjLLLV2r88a8TO0hVTVrS,Rembrandt...Run It Back (with JID & J. Cole feat. Vince Staples),Dreamville
4nw0S8MtvcLSpXCS9M8ciL,Got Me (with Ari Lennox & Omen feat. Ty Dolla $ign & Dreezy),Dreamville
2b5scDVCDxVsLalecDLAo2,MIDDLE CHILD,J. Cole
5KUciA17ZXudpvWAc3mLHs,"PTSD (with Omen feat. Mereba, Deante' Hitchcock & St. Beauty)",Dreamville
7wTA0NKIm6T7nP2kaymU2a,Sacrifices (with EARTHGANG & J. Cole feat. Smino & Saba),Dreamville
52Hq1nvCDDZ17dhgGWLnCI,Intro,J. Cole
3rFF7kSm5qBOOPs6ljFgPp,The Cut Off (feat. kiLL edward),J. Cole
0Px86mRlxdB3YqpK6KXWlr,Once an Addict - Interlude,J. Cole
6onwlDmIVKE8bBgyBRSuS0,FRIENDS (feat. kiLL edward),J. Cole
5Lgqu1th1KqlG97OF2gWGe,Window Pain - Outro,J. Cole
3MWlVSkoLS1e66nlZ2tuWJ,For Whom The Bell Tolls,J. Cole
0HtOJj7Kl74s1Ngf3MWeif,She's Mine Pt. 1,J. Cole
77IAeEz8LEchPN8UNjaTJ2,Foldin Clothes,J. Cole
5rmcjZTrE9JR1YrbNZDFNW,She's Mine Pt. 2,J. Cole
4YwNf1fLZt9IQhJeHNWfBi,Intro,J. Cole
6NyhBA9M6KK0fuVsojxL00,January 28th,J. Cole
4txn9qnwK3ILQqv5oq2mO3,03' Adolescence,J. Cole
4Tjh34RS4ACZ6f6srlDBg8,Fire Squad,J. Cole
4qRjfovbhI4EwP7VQNfxVW,St. Tropez,J. Cole
30Chv2SmIry70YwtmtaKnj,Hello,J. Cole
01VGA34ATxwp0Xo1ldduo2,Note to Self,J. Cole
3YjQfsV7vIDj0eovuUlbK7,Villuminati,J. Cole
38k4PhKjLcPOiSdobEgXCW,Kerney Sermon (Skit),J. Cole
3Iz0A1nuTjiLvXQaBxjWzn,Mo Money (Interlude),J. Cole
4pqiLICe0uTHb9WfY02ek9,Trouble,J. Cole
6uslSzMm1xIuCf5p9ECEtz,Runaway,J. Cole
7fn3jCTpdh4oUxOaAXyI40,Where's Jermaine? (Skit),J. Cole
5A0NEY8GOCB3ErRSRPpY72,Chaining Day,J. Cole
5Je1fS7wNMhngKuU0fKUvw,Ain't That Some Shit (Interlude),J. Cole
26RcjBcThMrZ8KvsqApOvN,Let Nas Down,J. Cole
2wQVmS0j4xcSbEK8CLEgwz,Born Sinner,J. Cole
0aKjN6mBKSMmP3TpfezOxM,Miss America,J. Cole
5u89YD9CJMFVfFqUoeGy2P,New York Times,J. Cole
1PQAocUDoT1Q90Sabu1MTu,Is She Gon Pop,J. Cole
7ncDwhSTgCZuL3OZNkvZ97,Niggaz Know,J. Cole
4fFZW98VLhdZSlyC07wt6v,Sparks Will Fly,J. Cole
4Tqro5z3Uj9cDOWKOPaqMD,Intro,J. Cole
1Yl4UBgyoHPgyne7rEsFZp,Dollar And A Dream III,J. Cole
3mTpegrOwRn0oJjv4TSbEE,Can't Get Enough,J. Cole
6sZv0ECT8cEW3oZtoCuVg4,Lights Please,J. Cole
2NJu5JtZLPmmuZF7Lr4Arr,Interlude,J. Cole
5pIn0ZiclQOMzoFUlgDY0f,Sideline Story,J. Cole
4OSRNTDInE9bDHBBJ77tMw,Mr. Nice Watch,J. Cole
5vSqkO8k4lrXPj2xlYL4br,Cole World,J. Cole
4OkiWfrZKmmVoILXk8JEtl,In The Morning,J. Cole
3l6lmZCaZdnc90MI2BktqP,Lost Ones,J. Cole
6Nw1WHydftZy2joT2nTiCR,Nobody's Perfect,J. Cole
2lSyPI9VHK06g1yxbtwMXq,Never Told,J. Cole
1CivPhVrRCMZixFOQe3NKx,Rise and Shine,J. Cole
2a3QH6bZDNpeC2YUMH5A2K,God's Gift,J. Cole
2aMHA0kCzCKDiRTNEe4NJc,Breakdown,J. Cole
2xLMifQCjDGFmkHkpNLD9h,SICKO MODE,Travis Scott
2ZWlPOoWh0626oTaHrnl2a,Ivy,Frank Ocean
20MuVazoNMv6xjKPnRFOxG,WAKE UP,Travis Scott
3I0FBDc1c1BLNtXWKVjmFg,untitled 02 | 06.23.2014.,Kendrick Lamar
5IjRKZlpKVBBRn0COL7pik,Stop Snitchin,YG
6U0FIYXCQ3TGrk4tFpLrEA,SUGAR,BROCKHAMPTON
0b9oOr2ZgvyQu88wzixux9,This Is America,Childish Gambino
7ycWLEP1GsNjVvcjawXz3z,Praise The Lord (Da Shine) (feat. Skepta),A$AP Rocky
7unx2Rvsq8D0RfOLRXclTA,For Sale? - Interlude,Kendrick Lamar
2cYqizR4lgvp4Qu6IQ3qGN,BUTTERFLY EFFECT,Travis Scott
0yFvWTLs3iIwDbc91noXGT,GRoCERIES,Chance the Rapper
0dWOFwdXrbBUYqD9DLsoyK,BLEACH,BROCKHAMPTON
432hUIl3ISDeytYW5XBQ5h,Wolves,Kanye West
7lAK3oHbfEnvUQWosrMMpR,YOSEMITE,Travis Scott
5qN4HFkapdAOV94XPryVof,Black Panther,Kendrick Lamar
694vvR5o19xHPhhJ5QdLN7,NO HALO,BROCKHAMPTON
3B54sVLJ402zGa6Xm4YGNe,Unforgettable,French Montana
2Fw5S2gaOSZzdN5dFoC2dj,A.D.H.D,Kendrick Lamar
4dVpf9jZjcORqGTLUaeYj9,Plain Jane,A$AP Ferg
4EWCNWgDS8707fNSZ1oaA5,Heartless,Kanye West
0d0jsoba88SpOoFxCxA2rZ,The Art of Peer Pressure,Kendrick Lamar
0wXuerDYiBnERgIpbb3JBR,Redbone,Childish Gambino
6OaVWaGfhXn70ZJfdVcabn,NO BYSTANDERS,Travis Scott
4fzsfWzRhPawzqhX8Qt9F3,Stronger,Kanye West
1eRBW1HcyM1zPlxO26cScZ,The Recipe - Bonus Track,Kendrick Lamar
6Nle9hKrkL1wQpwNfEkxjh,Chanel,Frank Ocean
0wEC0GNF74lAqrEFZJMl1m,PUPPET,"Tyler, The Creator"
722tgOgdIbNe3BEyLnejw4,Black Skinhead,Kanye West
2fgAJeky8Cpsr8Cfvn2NVp,untitled 03 | 05.28.2013.,Kendrick Lamar
77UjLW8j5UAGAGVGhR5oUK,Pray For Me (with Kendrick Lamar),The Weeknd
51rXHuKN8Loc4sUlKPODgH,"King's Dead (with Kendrick Lamar, Future & James Blake)",Jay Rock
65ES1qwOB577ZnTkizMXJJ,HUMBLE. - SKRILLEX REMIX,Skrillex
4LmAnpjlhWTahvRkYR8xJa,X (with 2 Chainz & Saudi),ScHoolboy Q
5jyyPsIGM2yqkZN9R3TmvN,The Ways (with Swae Lee),Khalid
7bUcBztfGqO7cSI2gMZeCI,Opps (with Yugen Blakrok),Vince Staples
0DJBgBiYeSn6n1AXAkFVE8,I Am,Jorja Smith
2tPcTFiQF9MbVUyjZ3zDhA,Paramedic!,SOB X RBE
4KXwFI9pgJLpUIAc9oSL8j,Bloody Waters (with Anderson .Paak & James Blake),Ab-Soul
4FpfU1O7WCLBnmwu5XAFk4,Redemption Interlude,Zacari
76iVOVsliCHlWqKuDnCfhE,Redemption (with Babes Wodumo),Zacari
35cOyocq8Gb6UcT0NWeTwn,Seasons (with Sjava & Reason),Mozzy
77UjLW8j5UAGAGVGhR5oUK,Pray For Me (with Kendrick Lamar),The Weeknd
2PESSRrfGBuDrJ1I7rm8dc,DUCKWORTH.,Kendrick Lamar
4suzR7RVn00QijvJPkMVMf,GOD.,Kendrick Lamar
28J8MZFrSMvd5gWxAGRBq1,FEAR.,Kendrick Lamar
0lJZRic5kToowUXH35uy7P,XXX. FEAT. U2.,Kendrick Lamar
0R9U7yIlLm8KAL6iQbwKKT,LOVE. FEAT. ZACARI.,Kendrick Lamar
1PKNKessUE10zYclDWNRfE,LUST.,Kendrick Lamar
0gvQoTWRxsW5Rd7KgPp0u3,HUMBLE.,Kendrick Lamar
1P9LiOkE3LnKSYsoz1F8A7,PRIDE.,Kendrick Lamar
0Omhxcy38tjNxqVZshdfpf,LOYALTY. FEAT. RIHANNA.,Kendrick Lamar
3hKPfWwm32Nv7Xj57lrxeC,FEEL.,Kendrick Lamar
3uubYELqTxIOqGalMtUq63,ELEMENT.,Kendrick Lamar
7tC6nVqWp4FALU6I3li1g9,YAH.,Kendrick Lamar
4odAJ4IxmYzy3co4TeYP24,DNA.,Kendrick Lamar
1WonGCoO1sz7I4aD0HRbXy,BLOOD.,Kendrick Lamar
6OkOFxU6j0UufR97VgSnS7,untitled 01 | 08.19.2014.,Kendrick Lamar
1U13SSgDOxK98L1FTWYrjQ,untitled 04 | 08.14.2014.,Kendrick Lamar
3V8vWoCbKbfjNrPaQ4YtSg,untitled 05 | 09.21.2014.,Kendrick Lamar
4M2t7bP4Mq87mGMn0PObUX,untitled 06 | 06.30.2014.,Kendrick Lamar
5bBUDJUfGcG7eFy3Bf4fXv,untitled 08 | 09.06.2014.,Kendrick Lamar
1n4jwRVXdkK2U34nBDUKKT,BLOOD.,Kendrick Lamar
4BHSjbYylfOH5WAGusDyni,YAH.,Kendrick Lamar
2LTlO3NuNVN70lp2ZbVswF,FEEL.,Kendrick Lamar
6IZvVAP7VPPnsGX6bvgkqg,PRIDE.,Kendrick Lamar
06FCvd7rrRcF3DdvWH5Isp,LUST.,Kendrick Lamar
5p3NP9mQblDsVJLdfNZJ3I,GOD.,Kendrick Lamar
7Ks4VCY1wFebnOdJrM13t6,Wesley's Theory,Kendrick Lamar
75izAeHlGuOgA865CFDyIv,For Free? - Interlude,Kendrick Lamar
4oFtLSgHyZPNYDCcANhTnO,Institutionalized,Kendrick Lamar
7uWVT3UkCAZyANvv0bdyQn,These Walls,Kendrick Lamar
1bxEpNR75Hq3T2oF9AZjt8,u,Kendrick Lamar
0CjJqkWOpIUXdem5hUcxAk,Momma,Kendrick Lamar
2UOYzhusMTypF7oAQwksCj,Hood Politics,Kendrick Lamar
4tQcyj5488alHT1ZgFduzn,How Much A Dollar Cost,Kendrick Lamar
72hFOhhhnOJZnnp6uVOgPn,Complexion (A Zulu Love),Kendrick Lamar
5Mtt6tZSZA9cXTHGSGpyh0,The Blacker The Berry,Kendrick Lamar
7A3ETuOrieyx9KSF0sn0Zf,You Ain't Gotta Lie (Momma Said),Kendrick Lamar
3ODXRUPL44f04cCacwiCLC,i,Kendrick Lamar
1WT11QmhZutciEv1NsHt1R,Mortal Man,Kendrick Lamar
0qGFnxDIqGBIq2D3zNbjk9,Sherane a.k.a Master Splinter’s Daughter,Kendrick Lamar
712uvW1Vezq8WpQi38v2L9,"Bitch, Don’t Kill My Vibe",Kendrick Lamar
0AOvNRgl0SMfOibWA5bP8o,Money Trees,Kendrick Lamar
5vuJuBqwzHJgCA1ysRfwxZ,good kid,Kendrick Lamar
2cDCojn6uIBM6A5xTAbl3H,m.A.A.d city,Kendrick Lamar
3q2v8QaTnHLveAQzR6gvYm,"Sing About Me, I'm Dying Of Thirst",Kendrick Lamar
5d8yMIlqJH78lwOUP7T3oF,Real,Kendrick Lamar
1wf4LnpdAhLaoI2WwYDKAE,Compton,Kendrick Lamar
1H7yy9jlDYS2EBF41J6Yf5,Black Boy Fly - Bonus Track,Kendrick Lamar
4KjnaUNYPwGnJjoeTFlt91,Now Or Never - Bonus Track,Kendrick Lamar
5UHjWOJA6MDl1g3x2HC68V,The Recipe (Black Hippy Remix) - Bonus Track,Kendrick Lamar
1gXH8hT9dxsBqbRy7h2iC8,F*ck Your Ethnicity,Kendrick Lamar
6cfVDaIdvDtYH91RqC6Wox,Hol' Up,Kendrick Lamar
3L2YOO6dDiB91M1AbQ0CCR,No Make-Up (Her Vice) (feat. Colin Munroe),Kendrick Lamar
22gXA7HlEd0z13zdc3hju7,Tammy's Song (Her Evils),Kendrick Lamar
3DBFOXJKitLKUjlyOCX7ow,Chapter Six,Kendrick Lamar
71d1KcqByBe8cl0NhFUKVU,Ronald Reagan Era,Kendrick Lamar
5eOmhymcp3AisKPVAytrs6,Poe Mans Dreams (His Vice) (feat. GLC),Kendrick Lamar
63OYaVrz3LIarx3l2DxCKD,Chapter Ten,Kendrick Lamar
7AaET28qSzlkFBcySHh4ES,Keisha's Song (Her Pain) (feat. Ashtro Bot),Kendrick Lamar
2lD6AoA8qf2t4Dkf2TcmNK,Rigamortus,Kendrick Lamar
2QVYTN3Z0IGLVF7YEQN5EJ,Kush & Corinthians (feat. BJ The Chicago Kid),Kendrick Lamar
1FRF0NHXBW4ecdulGkTzJY,Blow My High (Members Only),Kendrick Lamar
4VaL54I6TlzghRTzOhfr7L,Ab-Souls Outro (feat. Ab-Soul),Kendrick Lamar
4WEuEfFiczWxblHyuucSBL,HiiiPower,Kendrick Lamar
2AyFYSaJjz9XMc0kMr1R3a,Growing Apart (To Get Closer),Kendrick Lamar
53mCo1wDJ12iZNq9LgIeg2,Ignorance Is Bliss,Kendrick Lamar
6TRVvpoVFwyYyIGTFh0Y7P,P&P 1.5,Kendrick Lamar
6ff9CLXYk39PKFYoYCYeog,Alien Girl (Today W/ Her),Kendrick Lamar
1S6NpdvFXqHZfPUUEOIjtG,Opposites Attract (Tomorrow W/O Her),Kendrick Lamar
1oH44ACGSLbJGcbw2JLQOt,Michael Jordan,Kendrick Lamar
1DCLOAT1E5NDZDupAE95ka,R.O.T.C (Interlude),Kendrick Lamar
7M2cKcvCnflzp9WcxGjlbm,Barbed Wire,Kendrick Lamar
3r4S1J4YCkx2fuqH2eL9fz,Average Joe,Kendrick Lamar
0bP9mtOuBLMQ7L0DP2wPwj,H.O.C,Kendrick Lamar
3LkG1iJmtgmCsKof2QMme6,Cut You Off (To Grow Closer),Kendrick Lamar
4S8d14HvHb70ImctNgVzQQ,I Love It (& Lil Pump),Kanye West
78TTtXnFQPzwqlbtbwqN0y,FourFiveSeconds,Rihanna
1PS1QMdUqOal0ai3Gt7sDQ,Gold Digger,Kanye West
2gZUPNdnz5Y45eiGxpHGSc,POWER,Kanye West
3U21A07gAloCc4P7J8rxcn,All Mine,Kanye West
22L7bfCiAkJo5xGSQgmiIO,All Of The Lights,Kanye West
1eQBEelI2NCy7AUTerX0KS,Ultralight Beam,Kanye West
4KW1lqgSr8TKrvBII0Brf8,Father Stretch My Hands Pt. 1,Kanye West
1Wsbr1d2BouNGk2q92mIj7,Pt. 2,Kanye West
19a3JfW8BQwqHWUMbcqSx8,Famous,Kanye West
49fT6owWuknekShh9utsjv,Feedback,Kanye West
36o4taPyOdnOMf01ERmn9a,Low Lights,Kanye West
4qYLPta5HZ36idWiXtqh7B,Highlights,Kanye West
6wfzokDylbrJzrJcpnBkcy,Freestyle 4,Kanye West
5CGS4UovzA7ftCJkLVXQju,I Love Kanye,Kanye West
3nAq2hCr1oWsIU54tS98pL,Waves,Kanye West
30Zcjs7pgEkmJA1lEbGSWT,FML,Kanye West
66Q3fAmSX5eHamgbKa9alP,Real Friends,Kanye West
20r94xA0bsYNLtYSiOE6r3,Frank's Track,Kanye West
1ZnA4VYOlYIShuGt60LmCs,Siiiiiiiiilver Surffffeeeeer Intermission,Kanye West
2CHmgtK8OCL28WtIK96u4N,30 Hours,Kanye West
0zLClc0emc6qUeV1p5nc99,No More Parties In LA,Kanye West
3MnbXlC1N7GdS9M8HzA6no,Facts (Charlie Heat Version),Kanye West
3cCxoOgfi6hgt8MNteuiiD,Fade,Kanye West
1o0kWPueYo94LIjPYOE5Nf,Saint Pablo,Kanye West
69b0SDYOymaqYwm3la237H,Ye vs. the People (starring TI as the People),Kanye West
79reBHqpRoWXaQbjBBY3UC,All Day,Kanye West
78TTtXnFQPzwqlbtbwqN0y,FourFiveSeconds,Rihanna
0j35X8cTq543QDYLOyqB8W,Only One,Kanye West
2mOSCqagszScGlz6PMyDxg,Wouldn't You Like to Ride (S&S Remixes) - Nick Ahrn Remix,Common
3RXAu6QPcFgWsW0P4fTXbc,Wouldn't You Like to Ride (S&S Remixes) - KitSch 2.0 & Stephane B Remix,Common
2cTSoA77K4Upw20JKcrQjm,Wouldn't You Like to Ride (S&S Remixes) - Jez Pereira & Madoc Remix,Common
5bsvBQKkb8Rkysw4n8aNWl,Wouldn't You Like to Ride (S&S Remixes) - Paul Anthony & ZXX Remix,Common
0wQtsGm2sKPLnbx7sEze7R,Wouldn't You Like to Ride (S&S Remixes) - Nick Ahrn Remix Instrumental,Common
5hQ5tdFKnOYk7rhg55gfYW,Wouldn't You Like to Ride (S&S Remixes) - The House Moguls Remix,Common
4S8d14HvHb70ImctNgVzQQ,I Love It (& Lil Pump),Kanye West
64wdPpi4OeCQF4W2oMZ9Wt,XTCY,Kanye West
3uYDO9dPLTVrgfwg7EYXSf,Lift Yourself,Kanye West
7lIr3vVhpDkU5mQEDcnA0S,Intro,Kanye West
0IW0qaeyxL5Et4UG2MrJKB,We Don't Care,Kanye West
7wL7Lb8Q3aYyq6gmRL0PZq,Graduation Day,Kanye West
5SkRLpaGtvYPhw02vZhQQ9,All Falls Down,Kanye West
6MgGapP3EPFm9kYUvYBTZR,I'll Fly Away,Kanye West
1ko2NuvWlQdxtNRc8QQzmT,Spaceship,Kanye West
5g1vtHqi9uV7xtYeCcFOBx,Jesus Walks,Kanye West
34j4OxJxKznBs88cjSL2j9,Never Let Me Down,Kanye West
5b2FFKC64kxqcfaFnIZxoM,Get Em High,Kanye West
2a1JSfTePKhysdIif2bzut,Workout Plan,Kanye West
1Vp4St7JcXaUoJcIahtf3L,The New Workout Plan,Kanye West
3A4cpTBPaIQdtPFb5JxtaX,Slow Jamz,Twista
4KFY4EEv9CN6ivrzD6vEvg,Breathe In Breathe Out,Kanye West
25mwJPzWVmS2yronBNQJF1,School Spirit Skit 1,Kanye West
1th3G3okofWlvGWAAR7Y4V,School Spirit,Kanye West
5MAY7XyW322jMwLDtBQgsZ,School Spirit Skit 2,Kanye West
4BhwlQ9mTwhFGXpQvP9JTV,Lil Jimmy Skit,Kanye West
4mmkhcEm1Ljy1U9nwtsxUo,Through The Wire,Kanye West
5DBmXF7QO43Cuy9yqva116,Family Business,Kanye West
7iOhWWYjhhQiXzF4o4HhXN,Last Call,Kanye West
62KeM7jbmYvzT5FycdiQeS,Wake Up Mr. West,Kanye West
6yIjtVtnOBeC8SwdVHzAuF,Heard 'Em Say,Kanye West
2dxjKgT0li4qBI3QwuN9Ih,Touch The Sky,Kanye West
164al00XRSLWG6h4hc12bD,Skit #1,Kanye West
6vB49BJ70zBpDrrAPwdaB8,Drive Slow,Kanye West
0TzIHqhAbvYR6qJKrMMFlk,My Way Home,Kanye West
4fRTe59xEeNHT4uyAGsV27,Crack Music,Kanye West
2DHNCWZYmVr1Lv08q5b0kB,Roses,Kanye West
25K9cWrxNv991UYiOzBJqR,Bring Me Down,Kanye West
5VzeI5JM2y9t21JwrWAnkH,Addiction,Kanye West
466XcSgGAiQxcDrcV0yoMP,Skit #2,Kanye West
34KUIBsIUiPV7oCIzSdDAU,Diamonds From Sierra Leone - Remix,Kanye West
46fk9wjYcPm0sgym2b7EEE,We Major,Kanye West
2Xn5DIyAba7Fgyky3gU3rA,Skit #3,Kanye West
46OFHBw45fNi7QNjSetITR,Hey Mama,Kanye West
7jAxGkXU58FwNMjqoMahn7,Celebration,Kanye West
3zXhvJaLpxefYIxBE0cnB0,Skit #4,Kanye West
5RjbFGeWVsCpw8EcE8OrvZ,Gone,Kanye West
4R5bSS8yoCl2czeWLr61aO,Diamonds From Sierra Leone - Bonus Track,Kanye West
1mFHMzbaECWFaPfoePoEYl,Late,Kanye West
5e5MKPtJuFb8NaeSEyV5gD,Say You Will,Kanye West
3F18I7LhWKxlf1PytSoTBH,Welcome To Heartbreak,Kanye West
0m3Ze0cy8qBHSsV2exAfCw,Amazing,Kanye West
1kxeWHF9PrCVZHvVskv8lg,Love Lockdown,Kanye West
0w2piYWj1F2bzUftzGJgK9,Paranoid,Kanye West
02LAK7qT1wya0klSeNO96f,RoboCop,Kanye West
6j8gTlbhj9KJSeypNcNAS9,Street Lights,Kanye West
1nNPoG2hygEvrFGlHdhvJ9,Bad News,Kanye West
5zuoz1NBnpoHK6g5sbEH8F,See You In My Nightmares,Kanye West
2RRFTLIglxHgAYQzsSLI4Y,Coldest Winter,Kanye West
6giHsGo1eSYZSXKdNwTC62,Pinocchio Story,Kanye West
5CaXxLM568tBh1PwhXdciZ,Good Morning,Kanye West
2aHlRZIGUFThu3eQePm6yI,Champion,Kanye West
4jQqM4NI79HEcWHUJb8Hvf,I Wonder,Kanye West
14blxrgE0VWAgv5aF2wWmx,Good Life,Kanye West
2MIBAmYwiuGoKUlpq9B9sZ,Can't Tell Me Nothing,Kanye West
2ipNhjgsoM930FqDFl0ShM,Barry Bonds,Kanye West
4Sw4lblE6aXpoOJma6Mlx5,Drunk and Hot Girls,Kanye West
31I3Rt1bPa2LrE74DdNizO,Flashing Lights,Kanye West
2T8bL4YC49Ska1yl74qcS0,Everything I Am,Kanye West
795LIYKphBOsvyMh5hZaPk,The Glory,Kanye West
2ovQ5MCx91XVjgVWEPfvks,Homecoming,Kanye West
1x6jHJGczTBitBy06hIWgx,Big Brother,Kanye West
6TPTfc7wJIT2jh5Aa8VuGz,To The World - Album Version (Edited),Kanye West
7fuuAPjPDyLGyFaJEkSxAb,Clique - Album Version (Edited),Kanye West
0nh1o1936u4X7MaatN56j8,Mercy.1 - Album Version (Edited),Kanye West
7yyXLa0qfOqyR17qfy8cm8,New God Flow.1 - Album Version (Edited),Kanye West
6oilcOya1YbTc9ibBp2bJs,The Morning - Album Version (Edited),Raekwon
69TBeUU01dxrQKZYEzKaVE,Cold.1 - Album Version (Edited),Kanye West
2hhfoWnSh1RIYrOhXzhAOA,Higher - Album Version (Edited),The-Dream
5yyW5zyUXeVcdoBFmxRjAf,Sin City - Album Version (Edited),John Legend
7CfxN8x1qsUrova92PF8P2,The One - Album Version (Edited),Kanye West
51PO0Md0UhUWdzN4hcEuiN,Creepers - Album Version (Edited),Kid Cudi
62I2M5Nz5VdCLygDMgDZUM,Bliss - Album Version (Edited),John Legend
51mK2xGop7WMDVeuHLvhWP,Don't Like.1 - Album Version (Edited),Kanye West
7yNK27ZTpHew0c55VvIJgm,Dark Fantasy,Kanye West
23SZWX2IaDnxmhFsSLvkG2,Gorgeous,Kanye West
4D6TpthzUVNTjWQqfBW5Kb,All Of The Lights (Interlude),Kanye West
1ZHYJ2Wwgxes4m8Ba88PeK,Monster,Kanye West
6K07Ahf6V7CAQn0ikrOztl,So Appalled,Kanye West
1UGD3lW3tDmgZfAVDh6w7r,Devil In A New Dress,Kanye West
3DK6m7It6Pw857FcQftMds,Runaway,Kanye West
3rCNmRonlHN1TXQLcG3dSk,Hell Of A Life,Kanye West
4EndPA8b6FDWYp1RgsnLEB,Blame Game,Kanye West
2Im64pIz6m0EJKdUe6eZ8r,Lost In The World,Kanye West
4e5IPJxSGVWPsaxQzdRseN,Who Will Survive In America,Kanye West
1gqkRc9WtOpnGIqxf2Hvzr,On Sight,Kanye West
0HMCdlOPJkAGlB0MlSWIcO,I Am A God,Kanye West
4cAgkb0ifwn0FSHGXnr4F6,New Slaves,Kanye West
5nIu0VwPOsjkF61zfevLKh,Hold My Liquor,Kanye West
52NmkyHsGsHGb1UX8fTkMg,I'm In It,Kanye West
42GcjriRK6srwHkfbkBqVl,Blood On The Leaves,Kanye West
5nPOM0nFRAJ3XI8xCxNAzO,Guilt Trip,Kanye West
3RKblQNJs8HPvWBgXmq6nn,Send It Up,Kanye West
3sNVsP50132BTNlImLx70i,Bound 2,Kanye West
3aUFrxO1B8EW63QchEl3wX,Feel The Love,KIDS SEE GHOSTS
7oHkit3F3vimtsBbnZkU0G,Fire,KIDS SEE GHOSTS
6JyEh4kl9DLwmSAoNDRn5b,4th Dimension,KIDS SEE GHOSTS
7GRTrWsP3yo2Fx8umJfA1X,Freeee (Ghost Town Pt. 2),KIDS SEE GHOSTS
2I3dW2dCBZAJGj5X21E53k,Kids See Ghosts,KIDS SEE GHOSTS
4kUZvXB3LC3an3HX6h0s17,Cudi Montage,KIDS SEE GHOSTS
0yhxBvedRdGxsPZHJNI4VA,I Thought About Killing You,Kanye West
1qsHYUd2c1wFGcn7e63QmG,Yikes,Kanye West
1nGoy0cEj0extAwXYNYTWd,Wouldn't Leave,Kanye West
35KV2Nuib6jPMVN00O8iba,No Mistakes,Kanye West
7vgTNTaEz3CsBZ1N4YQalM,Ghost Town,Kanye West
3s7MCdXyWmwjdcWh7GWXas,Violent Crimes,Kanye West
4y6c5vMzKKM3KsMbHtjKx5,Stronger,Kanye West
3qnoOm4fwZPBS116f5hpgF,All Mine,Kanye West
2r4JRwcbIeuAzWjH4YXlLs,Yikes,Kanye West
1ce3DvvGQn6hY2LMGMLCr5,Black Skinhead,Kanye West
5XzmZjXhMjDHr7ZfJ6DELQ,FourFiveSeconds,Rihanna
6Bg7MznA9X0dIhlAsLyBYj,Ghost Town,Kanye West
4qikXelSRKvoCqFcHLB2H2,Mercy,Kanye West
2cYZpcIV39X48RnOFM7w2V,All Falls Down,Kanye West
1fLdeDTrJWNkwOeFyAVLvF,Good Life,Kanye West
0ua0Go4NN4Td7l0Zre6Ce3,Flashing Lights,Kanye West
2iaCM7WvOknQI1230hA9eK,Homecoming,Kanye West
3rbNV2GI8Vtd8byhUtXZID,Clique,Kanye West
2VYb3Fb5iK5Y8HGZ8oEEkp,Violent Crimes,Kanye West
4ImL3v98u2BLkwnyQDjfRm,Can't Tell Me Nothing,Kanye West
3eZGNBvKkExXp8q5FAyM8y,Champions,Kanye West
6bXOlIfGIWh7Tyn4oyvLQW,I Wonder,Kanye West
6mxyfdyF4LD7PctU3UNyjF,Touch The Sky,Kanye West
62r62ArmWq38cu6QCVgyTc,Jesus Walks,Kanye West
12D0n7hKpPcjuUpcbAKjjr,Don't Like.1,Kanye West
3KUpGMnZL76I9E7FoWV1re,Through The Wire,Kanye West
6xTHfOkgqjaIOKEWxYwsAu,Heard 'Em Say,Kanye West
27eO3EGKIUU7yug1eOxUZu,Good Morning,Kanye West
7hNx9Dynz2fRO41L9AEVA8,Champion,Kanye West
0fDf7lTJ6A6uzGWUEJHcCq,The New Workout Plan,Kanye West
1XQhZctQWzkznclbmbE7FQ,Everything I Am,Kanye West
2OqYarizUUGzSSNHPrDEii,Shoulder Lean (feat. T.I.),Young Dro
59xyRqG06dGbTmmJFVFbyQ,Dem Boyz,Boyz N Da Hood
3rvM0obwHthpskrZKQxYLa,Dipset Anthem,The Diplomats
0RZXNlGPvfMo54fd6uCvAT,Knuck If You Buck (feat. Lil' Scrappy),Crime Mob
71mDjdeVK9sqXmamMHaAfX,Some Cut (feat. Cutty),Trillville
6D1CstH1YvzNN8cPd9ay9Q,"Wipe Me Down (feat. Foxx, Webbie & Lil Boosie) - Remix",Boosie Badazz
5sqHFfmw7MMc1L85BN8802,THat Part - Black Hippy Remix,ScHoolboy Q
2bjwRfXMk4uRgOD9IBYl9h,Portland,Drake
2SIdGJTWirTxRNEyCp9ocI,Vice City (feat. Black Hippy),Jay Rock
3ZLyt2ndLFBh148XRYjYYZ,All We Got (feat. Kanye West & Chicago Children's Choir),Chance the Rapper
5csdNgCD64XzhsyoRlhzsa,LEGENDARY (feat. J. Cole),Joey Bada$$
6QvxTX9zvo4u7XhP9vOP3n,untitled 07 | levitate,Kendrick Lamar
6REbwUNlppTfcnV4d4ZoZi,Swimming Pools (Drank),Kendrick Lamar
6mapJIPnQ23RTAevUoE0DL,Swang,Rae Sremmurd
4Km5HrUvYTaSUfiSGPJeQR,Bad and Boujee (feat. Lil Uzi Vert),Migos
563vSy3HB5NHxel1VGQCW6,Still Fly,Big Tymers
0Db1a7sL9MOjXgO5Z7zRM4,Jigga My Nigga,Ruff Ryders
19YKaevk2bce4odJkP5L22,Nikes,Frank Ocean
3a1lNhkSLSkpJE4MSHpDu9,Congratulations,Post Malone
4GXl8l1MfZPf2GvpyRPJBf,pick up the phone,Young Thug
5hTpBe8h35rJ67eAWHQsJx,Caroline,Aminé
0dbTQYW3Ad1FTzIA9t90E8,Mona Lisa (feat. Kendrick Lamar),Lil Wayne
36TO60sxDduIsO3xH8IcUh,Isis,Joyner Lucas
4EQSeRRJmk3h3HQ5KlkzVy,Confessions of a Dangerous Mind,Logic
2MuMD298IpYqKF367wegUd,Homicide (feat. Eminem),Logic
2CqMWqcHywYRvwzdw2Wh4P,Wannabe,Logic
0XIsaklmegqPEdOr38DVEt,clickbait,Logic
43IfdE75ficQgsI8QGBvwb,Mama/Show Love (feat. YBN Cordae),Logic
3Z6O6zNyxqmqevwy5Dy4cs,Out Of Sight,Logic
45uPKvMUFmObuDYka9AnKa,Pardon My Ego,Logic
2SDFznsHkeFXiPFwN0npVM,COMMANDO (feat. G-Eazy),Logic
5sCwso3aURYAdieWEFI1nE,Icy (feat. Gucci Mane),Logic
0ZN72tCEgbwPXEtj6TPMxK,Still Ballin (feat. Wiz Khalifa),Logic
6R59nB9CEaOqrRVxu7JAoR,Cocaine,Logic
6uS8KevqrhUjVjFZfWxsTh,Limitless,Logic
1JIgaRnqtzS7DuGM3hVZU9,Keanu Reeves,Logic
3SoJfUu95PNVx1rmcXwGsL,Don't Be Afraid To Be Different (feat. Will Smith),Logic
0fpzjL5pP2M8sWifmQqLZn,BOBBY (feat. My Dad),Logic
2lef7yeg5qkPNt0ptulqfW,Lost In Translation,Logic
5JDwLHI2YUkFSFSn4g5pGd,Can I Kick It,Logic
17N5FdRwJuv3UXQ7MHnbhF,Ballin,Logic
66urf1ZXFy4qVKdNqcdbaZ,Till The End,Logic
5tz69p7tJuGPeMGwNTxYuV,1-800-273-8255,Logic
2Egoo3acImq7hV6TfYV90E,Everybody Dies,Logic
5ZcMWSpUeUPvO87FkSZbJB,The Return,Logic
4CstQ0SUkl0YkoeZkIZlIx,100 Miles and Running (ft. Wale & John Lindahl),Logic
1FmdAhS8FqRoEJ4jcSfuKZ,ICONIC (ft. Jaden Smith),Logic
7rKKh8AGVXuNXgLBpTBTFH,One Day (ft. Ryan Tedder),Logic
2zIAPysksDdMAiG33qH6kW,Ordinary Day (ft. Hailee Steinfeld),Logic
3s3VVLE1kB7Xk2AoJKlGmr,Overnight,Logic
3n3b5WNEohHP7Ou4ndBo6b,Pray,Sam Smith
1GtVGc1UYin3zpMUdNSSpM,Midnight,Logic
7u90MSvVyEjL0c8icaE7jl,Contra,Logic
4fZxGiES1FKbNqJPrI4L3s,BoomTrap Protocol,Logic
0jqBo5RYn008f4ZY8kPewW,Indica Badu,Logic
0D5CXSUx8GOCHSY8KWgi9h,Yuck,Logic
5LME7YULt0enp6UAB8VoDn,Under Pressure,Logic
2c8sgbZoEanC3QyFNZxUcA,Flexicution,Logic
4dASQiO1Eoo3RJvt74FtXB,"Sucker For Pain (with Wiz Khalifa, Imagine Dragons, Logic & Ty Dolla $ign feat. X Ambassadors)",Lil Wayne
1Kp6WFxRzc0sRBmGSgIYat,Gang Related,Logic
4s2BWgnSQ9NZiOQM4PP4HB,44 Bars,Logic
7cj7vEylXFN6Lfjj183A3f,Buried Alive,Logic
6HN5XPJEV31RQJGoyqZ81K,Take It Back,Logic
1py4qzrEEkOvU8uTHYLuOW,Super Mario World,Logic
3lWCa9e0KhDghboM5L9C6d,Soul Food,Logic
6bM3GKo47KVgvj3gHdWS0U,Like Woah,Logic
7fRfIvHPH6bHdMDjPFwTMh,Hallelujah,Logic
0KiKfllNTmhImvXVIHqR0z,Young Jesus,Logic
39Q27NGvm812YC9PJkXTSi,Driving Ms Daisy,Logic
6vKXDgJmquMzFSVBCH55Nc,Killing Spree,Logic
7qT7NUDywO7vNJNTNxqWiN,Wrist,Logic
6XoAT50mgAcIDpYXRqWOnV,City Of Stars,Logic
1JFx9R87En9oJOi4DRH1e9,Nikki,Logic
4Mr73gFwZUeFnrfRov23we,Slave II,Logic
2M71Inc9camxaIGtmQ6I87,"All of Me (feat. Logic, ROZES)",Big Gigantic
4dVJyyeCPEONr44NIrXvie,The Jam,Logic
4npTFQuKygDyXdExVLJ2de,Never Been,Logic
4iq3zHwgHSxstFvYw4yIsQ,Run It,Logic
2gOYY2glUc6XMTnzBG59I4,Stainless,Logic
2KpCpk6HjXXLb7nnXoXA5O,Ni**as In Paris,JAY Z
7wBJfHzpfI3032CSD7CE2m,STARGAZING,Travis Scott
27a1mYSG5tYg7dmEjWBcmL,CAN'T SAY,Travis Scott
58TaFP5j5i9swOf584yon2,HOUSTONFORNICATION,Travis Scott
4SZepBIPDRwPaHIjAKwRDb,R.I.P. SCREW,Travis Scott
1xYpVRspgaLxdJLOTQkTjg,STOP TRYING TO BE GOD,Travis Scott
11kDth1aKUEUMq9r1pqyds,5% TINT,Travis Scott
1cZlBZwnwGPtYeRIeQcoFh,wonderful,Travis Scott
1Ci4wASMY4xtKVMeHA6Sd5,through the late night,Travis Scott
6NMtzpDQBTOfJwMzgMX0zl,SKELETONS,Travis Scott
7KZ5MMVgBVox9ycroB2UrI,CAROUSEL,Travis Scott
0ESJlaM8CE1jRWaNtwSNj8,beibs in the trap,Travis Scott
4MXhiYIRDMGAuvZc5IFTwC,ASTROTHUNDER,Travis Scott
6nO3tr47nr2P7f3hXb8JIo,Champion (feat. Travis Scott),NAV
4KYS9GK68yeuUJ8vJfPxrq,WHO? WHAT!,Travis Scott
51EC3I1nQXpec4gDk0mQyP,90210 (feat. Kacy Hill),Travis Scott
2Zy7XVdxyZQB8xp5xbpJdl,way back,Travis Scott
0u695M7KyzXaPIjpEbxOkB,SICKO MODE - Skrillex Remix,Travis Scott
20dP2DaMHIAmwWAbp7peSr,pick up the phone,Young Thug
6BJbOXDlgVAXSaq6wYFYT2,NC-17,Travis Scott
2rMFawCg4BW65jzbwztXAV,Oh My Dis Side (feat. Quavo),Travis Scott
3SEd8nPd8MpGwk6ZZ8tk2j,Mamacita,Travis Scott
3DoBTwfr8yi2LN08SBpFkN,Watch (feat. Lil Uzi Vert & Kanye West),Travis Scott
1SGt65i9AnXYdDQt1AtDRH,3500 (feat. Future & 2 Chainz),Travis Scott
3YeJXuRSNS5FYwOsDu44kD,Dark Knight Dummo (Feat. Travis Scott),Trippie Redd
204U3zjm9kkzX25Pr4Rdld,Kelly Price (feat. Travis Scott),Migos
1nX9KhK3Fff27SnrIor2Yb,4 AM,2 Chainz
7foypmc7KZyU716Yv63BPe,Saint,Huncho Jack
5WoaF1B5XIEnWfmb5NZikf,Sky Walker (feat. Travis Scott),Miguel
7g7raxdQpiLZT7aOlib4S1,Motorcycle Patches,Huncho Jack
5u6vkDnOyaf8LsteDAj2ub,Ghostface Killers,21 Savage
0q75NwOoFiARAVp4EXU4Bs,Love Galore (feat. Travis Scott),SZA
3xby7fOyqmeON8jsnom0AT,Nightcrawler (feat. Swae Lee & Chief Keef),Travis Scott
6vnfObZ4Ys70SBAtti1xZ9,COFFEE BEAN,Travis Scott
3K6U7TamNyVSWcFH8pCQHX,Love Hurts (feat. Travis Scott),Playboi Carti
1oUudyBYVGMIC8JXeIsFzq,CLOSE (feat. Travis Scott) - From SR3MM,Rae Sremmurd
628Ueb4sRiXApObhcU9iPU,Black & Chinese,Huncho Jack
3wAI7MIQtTgwcRmwchPZBc,Go Legend (& Metro Boomin),Big Sean
2KokOIKdw4zZutDil85Ugh,White Sand,Migos
7LJkGyL4vVrtn1mho7BmtA,"Know No Better (feat. Travis Scott, Camila Cabello & Quavo)",Major Lazer
4vwfOiyWxXeEdx4ejAJgdx,Eye 2 Eye,Huncho Jack
5qmq61DAAOUaW8AUo8xKhh,Truth Hurts,Lizzo
0W45ni3uikr9z0vPjlBIDw,Playing Games,Summer Walker
0rbnYyj0Zq2pNJSzWqtf4g,How You Want It?,Teyana Taylor
5pAbCxt9e3f81lOmjIXwzd,Be Honest (feat. Burna Boy),Jorja Smith
7sd72KZS8D59g5NmhxyHpJ,Toast,Koffee
3A2yGHWIzmGEIolwonU69h,Act Up,City Girls
3YEbLhXRDPTtctnb3ddg8g,Big Ole Freak,Megan Thee Stallion
6tLWt7gkvvTSjS6OfJjiyJ,B*tch From Da Souf,Mulatto
3TXKwYk2H7hZQFB0j8z4yq,On Chill (feat. Jeremih),Wale
6Vdyu21iT8qScU1haSjWUU,"Leave Em Alone (Layton Greene, Lil Baby feat. City Girls, PnB Rock)",Quality Control
4sFzG7iUlyPmuyASCkre9A,Hair Down (feat. Kendrick Lamar),SiR
4CMrdHWqic0usIZfTrKoI3,Easy - Remix,DaniLeigh
1GIYmwtBbPSHrqcSaukZck,Heat (feat. Gunna),Chris Brown
2zTspwjdyEDWKaanTHls5S,Girl Gang (feat. Kelly Rowland),Ciara
3Yh9lZcWyKrK9GjbhuS0hR,Good As Hell,Lizzo
0rIAC4PXANcKmitJfoqmVm,Motivation,Normani
6ZRuF2n1CQxyxxAAWsKJOy,Nights Like This (feat. Ty Dolla $ign),Kehlani
6dPyzkyZwoj9LqjQXOFdVv,Press,Cardi B
6001xXfECxjyKrrbbRF0Vl,Tip Toes (feat. Quavo),Saweetie
6S5dMjMifQYmyTu1mX4f8P,Blame,Bryson Tiller
14SaZBTjxlorHJQxXh01Hu,Girls Need Love (with Drake) - Remix,Summer Walker
3OJ4LEE50iFELaHiZ09zif,Purple Emoji (feat. J. Cole),Ty Dolla $ign
1sQBPGypjSgEgJZvD8u8ty,Roll Some Mo,Lucky Daye
0RRm4OS5ymfZryXBuj0G2m,Twerk (feat. Cardi B),City Girls
1YWnrz4pqjtt2zlEOuDIFg,Bouncin (feat. Offset),Kiana Ledé
7uBWy2zZ0c9wyUMD1hiEQO,Racks (feat. YBN Cordae),H.E.R.
1oC5ANNzvukx2IyVKkrjZj,Body Aint Me,Pink Sweat$
2fhePAlCSsJplwkjqMYpVm,LOVE AGAIN,Daniel Caesar
7Ffgp7DIow5wECYQyzEiTq,BMO,Ari Lennox
5o54O3MOnMvcPTmkguYkwg,Ecstasy (feat. Jeremih),Dreezy
2beHQY7DvKp9q4vwilKKRS,Change (with Kehlani),Arin Ray
3SnE3cG7Xh1oniEhOjO657,BGM,Wale
1uNePI826aqh9uC9pgbeHU,Tia Tamera (feat. Rico Nasty),Doja Cat
27aGlicHJKf5QY20looYlR,F You I Love You (feat. Teyana Taylor),KYLE
3qc67Hflqzvw3hShw2phgG,Throw It Back,Missy Elliott
4rd4bY5IzC4AN6NdgYGtWD,Freak Nasty,Megan Thee Stallion
3SeZZtxLcpcploJKtqIdQK,Cool Off,Missy Elliott
5LTdRSQOg63EazLbKZbWn2,My Type (feat. City Girls & Jhené Aiko) - Remix,Saweetie
2RqZFOLOnzVmHUX7ZMcaES,Let It Go,Keyshia Cole
6xbMd2P2B9Iey7iVyqsgtX,She's a Bitch,Missy Elliott
6hbg57wH6SyIDnPzwLeeXc,Sex Talk,Megan Thee Stallion
0jG92AlXau21qgCQRxGLic,One Minute Man (feat. Ludacris),Missy Elliott
0rsdXuHbhKnhFTzuRMK9YR,Hot Like Fire,Aaliyah
1fzT0hWdE1eY9Wb4pEqtgY,The Jump Off,Lil' Kim
3Wk4qCyx4m5aoafRxftp43,Hatin,Rico Nasty
7mYvtEeBdMqRSyj1Qpv6my,Hot Boyz,Missy Elliott
6BIcjFZIVDZxNAcofRFPx4,So Gone,Monica
5Gnx5bNAglWcclJkuJnrys,Flea Market,Tierra Whack
7uKcScNXuO3MWw6LowBjW1,"One, Two Step",Ciara
3nXrCAE44KlevAkQB2XWcN,Gonna Love Me,Teyana Taylor
2rTjKV5wbfROo0nOzO1wHq,Racks (feat. YBN Cordae),H.E.R.
4iuNZTcvT9diFySSzVsnVS,When I See U,Fantasia
0JCAezTC5IlK1a9o0YBEsD,Don't Take It Personal (Just One of Dem Days),Monica
6GCIYIWUBSLontW6divqsw,Stay Flo,Solange
2WRzpLD8qDRrxMXc63E5WJ,The Rain (Supa Dupa Fly),Missy Elliott
6nBQFAIVFmAx2oZ8p6lUg6,Tempo (feat. Missy Elliott),Lizzo
6DJoLa3EsX2PWQAIkjw08F,"Can We (feat. Missy ""Misdemeanor"" Elliott)",SWV
5cyBD8a7G8xjOMO1LT52mh,Shake Your Thang (It's Your Thing),Salt-N-Pepa
29VrHhpC5AS9b7XJYDPhqb,Funkdafied,Da Brat
1dscQo00s6AUF0YlbJwNx6,Unity,Queen Latifah
7xAE36UUNgyDJDIM4yiucY,Be Your Girl (Kaytranada Edition),Teedra Moses
6gsmFgUiSTuinJlScwFODv,I Love You,Faith Evans
6a5jHgwqYMk9wlYJYfs3c9,Can We Talk,Tevin Campbell
70kjLeuW46xJ5pqzYRLHAf,Unemployed,Tierra Whack
6zsk6uF3MxfIeHPlubKBvR,Get Ur Freak On,Missy Elliott
7KFJ33pZ8E3yPT4yxde5aQ,Before I Let Go - Edit/Remastered,Maze
7LikBkHerFGZ58QHVOKp1t,Before I Let Go - Homecoming Live Bonus Track,Beyoncé
0CgYN1d9Dku244f1mWmS0Z,BURNITUP! (feat. Missy Elliott),Janet Jackson
1SKRlqFgMVRcILCxhIMsoa,DripDemeanor (feat. Sum1),Missy Elliott
29rQJydAlO0uMyWvRIZxQg,That's The Way Love Goes,Janet Jackson
